nct_id,rater 1,any paper 1,publication found  1,PMID 1,DOI 1(format: e.g 10.1000/182),URL 1 (if not avaiable DOI or PMID ),earliest publication date 1 (DD/MM/YYYY),rater 2,any paper 2,publication found 2,PMID 2,DOI 2(format: e.g 10.1000/182),URL 2 (if not avaiable DOI or PMID ),earliest publication date 2 (DD/MM/YYYY),is_any_paper_match,is_publication_found_match,is_pmid_match,is_doi_match,is_url_match,is_match,final match,final any paper ,final publication found  ,final PMID ,DOI (format: e.g 10.1000/182),URL  (if not avaiable DOI or PMID ),earliest publication date  (DD/MM/YYYY),Comments
NCT03229603,NAH,no paper,NA,NA,NA,NA,NA,SSY,no paper,NA,NA,NA,NA,NA,TRUE,TRUE,TRUE,TRUE,TRUE,TRUE,TRUE,no paper,,,,,,
NCT02101086,NAH,article,google search / PI + intervention,29376587,10.24953/turkjped.2017.03.022,https://turkjpediatr.org/article/view/1001/1000,20-02-2017,SSY,non/publication equivalent like abstract or poster,google search / PI + intervention,29376587,10.24953/turkjped.2017.03.022,https://pubmed.ncbi.nlm.nih.gov/29376587/,20-02-2017,FALSE,TRUE,TRUE,TRUE,FALSE,FALSE,TRUE,article,google search / PI + intervention,29376587,10.24953/turkjped.2017.03.022,https://turkjpediatr.org/article/view/1001/1000,20-02-2017,
NCT01799356,NAH,article,google search / PI + intervention,23993130,10.1016/j.ejogrb.2013.08.012,https://www.ejog.org/article/S0301/2115(13)00384/9/abstract,19-08-2013,SSY,article,google search / PI + intervention,23993130,10.1016/j.ejogrb.2013.08.012,https://pubmed.ncbi.nlm.nih.gov/23993130/,2011-08-13,TRUE,TRUE,TRUE,TRUE,FALSE,FALSE,TRUE,article,google search / PI + intervention,23993130,10.1016/j.ejogrb.2013.08.012,https://www.ejog.org/article/S0301/2115(13)00384/9/abstract,10-08-2013,
NCT03408639,NAH,article,linked in registry,30253403,10.1159/000493097,https://karger.com/ajn/article/48/4/251/41533/Comparing/Therapeutic/Efficacy/and/Safety/of,25-09-2018,SSY,article,linked in registry,30253403,10.1159/000493097,https://pubmed.ncbi.nlm.nih.gov/30253403/,25-09-2018,TRUE,TRUE,TRUE,TRUE,FALSE,FALSE,TRUE,article,linked in registry,30253403,10.1159/000493097,https://karger.com/ajn/article/48/4/251/41533/Comparing/Therapeutic/Efficacy/and/Safety/of,25-09-2018,
NCT01183572,NAH,article,linked in registry,25905863,10.1371/journal.pone.0121552,https://journals.plos.org/plosone/article?id=10.1371/journal.pone.0121552,23-04-2015,SSY,article,linked in registry,25905863,10.1371/journal.pone.0121552,NA,23-04-2015,TRUE,TRUE,TRUE,TRUE,FALSE,FALSE,TRUE,article,linked in registry,25905863,10.1371/journal.pone.0121552,https://journals.plos.org/plosone/article?id=10.1371/journal.pone.0121552,23-04-2015,
NCT02086838,NAH,no paper,NA,NA,NA,NA,NA,SSY,no paper,NA,NA,NA,NA,NA,TRUE,TRUE,TRUE,TRUE,TRUE,TRUE,TRUE,no paper,,,,,,
NCT01191983,NAH,no paper,NA,NA,NA,NA,NA,SSY,no paper,NA,NA,NA,NA,NA,TRUE,TRUE,TRUE,TRUE,TRUE,TRUE,TRUE,no paper,,,,,,
NCT00964691,NAH,article,google search / trial number,38828109,10.5281/zenodo.10894954,https://zenodo.org/records/10894954,29-06-2013,SSY,article,google search / trial number,38828109,10.5281/zenodo.10894954,https://pubmed.ncbi.nlm.nih.gov/38828109/,29-06-2013,TRUE,TRUE,TRUE,TRUE,FALSE,FALSE,TRUE,article,google search / trial number,38828109,10.5281/zenodo.10894954,https://pubmed.ncbi.nlm.nih.gov/38828109/,29-06-2013,
NCT02221752,NAH,article,linked in registry,26063068,10.3945/jn.114.208678,https://www.sciencedirect.com/science/article/pii/S0022316622088393?via%3Dihub,2006-10-15,SSY,article,linked in registry,26063068,10.3945/jn.114.208678,https://pubmed.ncbi.nlm.nih.gov/26063068/,2010-06-15,TRUE,TRUE,TRUE,TRUE,FALSE,FALSE,TRUE,article,linked in registry,26063068,10.3945/jn.114.208678,https://pubmed.ncbi.nlm.nih.gov/26063068/,10-06-2015,
NCT03481790,NAH,no paper,NA,NA,NA,NA,NA,SSY,article,google search / PI + intervention,NA,NA,https://ejhm.journals.ekb.eg/article_8626.html,2001-04-18,FALSE,FALSE,TRUE,TRUE,FALSE,FALSE,FALSE,article,google search / PI + intervention,NA,NA,https://ejhm.journals.ekb.eg/article_8626.html,01-04-2018,
NCT02586402,NAH,no paper,NA,NA,NA,NA,NA,SSY,no paper,NA,NA,NA,NA,NA,TRUE,TRUE,TRUE,TRUE,TRUE,TRUE,TRUE,no paper,,,,,,
NCT02693483,NAH,no paper,NA,NA,NA,NA,NA,SSY,no paper,NA,NA,NA,NA,NA,TRUE,TRUE,TRUE,TRUE,TRUE,TRUE,TRUE,no paper,,,,,,
NCT02811367,NAH,no paper,NA,NA,NA,NA,NA,SSY,no paper,NA,NA,NA,NA,NA,TRUE,TRUE,TRUE,TRUE,TRUE,TRUE,TRUE,no paper,,,,,,
NCT02812914,NAH,article,linked in registry,29444650,10.1186/s12889/018/5138/x,https://bmcpublichealth.biomedcentral.com/articles/10.1186/s12889/018/5138/x,14-02-2018,SSY,article,linked in registry,29444650,10.1186/s12889/018/5138/x,https://pubmed.ncbi.nlm.nih.gov/29444650/,14-02-2018,TRUE,TRUE,TRUE,TRUE,FALSE,FALSE,TRUE,article,linked in registry,29444650,10.1186/s12889/018/5138/x,https://bmcpublichealth.biomedcentral.com/articles/10.1186/s12889/018/5138/x,14-02-2018,
NCT02532504,NAH,no paper,NA,NA,NA,NA,NA,SSY,no paper,NA,NA,NA,NA,NA,TRUE,TRUE,TRUE,TRUE,TRUE,TRUE,TRUE,no paper,,,,,,
NCT03759353,NAH,no paper,NA,NA,NA,NA,NA,SSY,no paper,NA,NA,NA,NA,NA,TRUE,TRUE,TRUE,TRUE,TRUE,TRUE,TRUE,no paper,,,,,,
NCT02743572,NAH,article,google search / trial number,35766558,10.6133/apjcn.202206_31(2).0008,https://apjcn.nhri.org.tw/server/APJCN/31/2/222.pdf,2003-12-22,SSY,article,google search / PI + intervention,35766558,10.6133/apjcn.202206_31(2).0008,https://pubmed.ncbi.nlm.nih.gov/35766558/,2001-01-22,TRUE,FALSE,TRUE,TRUE,FALSE,FALSE,TRUE,article,google search / trial number,35766558,10.6133/apjcn.202206_31(2).0008,https://apjcn.nhri.org.tw/server/APJCN/31/2/222.pdf,12-03-2022,Unsure of publication date so we put the accepted revision date
NCT02845284,NAH,no paper,NA,NA,NA,NA,NA,SSY,no paper,NA,NA,NA,NA,NA,TRUE,TRUE,TRUE,TRUE,TRUE,TRUE,TRUE,no paper,,,,,,
NCT04043533,NAH,article,google search / PI + intervention,32187390,10.1111/ppc.12500,https://onlinelibrary.wiley.com/doi/10.1111/ppc.12500,18-03-2020,SSY,article,google search / PI + intervention,32187390,10.1111/ppc.12500,https://www.researchgate.net/publication/340010444_The_effectiveness_of_an_exercise_intervention_in_reducing_the_severity_of_postpartum_depression_A_randomized_controlled_trial,NA,TRUE,TRUE,TRUE,TRUE,FALSE,FALSE,TRUE ,article,google search / PI + intervention,32187390,10.1111/ppc.12500,https://onlinelibrary.wiley.com/doi/10.1111/ppc.12500,18-03-2020,
NCT02972151,NAH,article,google search / PI + intervention,34703299,10.2147/JPR.S329317,https://www.dovepress.com/a/retrospective/study/on/chronic/pelvic/pain/treated/with/traditional//peer/reviewed/fulltext/article/JPR,14-10-2021,SSY,no paper,NA,NA,NA,NA,NA,FALSE,FALSE,FALSE,FALSE,FALSE,FALSE,FALSE,article,google search / PI + intervention,34703299,10.2147/JPR.S329317,https://www.dovepress.com/a/retrospective/study/on/chronic/pelvic/pain/treated/with/traditional//peer/reviewed/fulltext/article/JPR,14-10-2021,
NCT00746551,NAH,no paper,NA,NA,NA,NA,NA,SSY,article,google search / PI + intervention,NA,NA,https://www.thaiscience.info/journals/Article/JMAT/10986263.pdf,NA,FALSE,FALSE,TRUE,TRUE,FALSE,FALSE,FALSE,article,google search / PI + intervention,NA,NA,https://www.thaiscience.info/journals/Article/JMAT/10986263.pdf,01-01-2017,No epub date listed
NCT03715218,NAH,no paper,NA,NA,NA,NA,NA,SSY,no paper,NA,NA,NA,NA,NA,TRUE,TRUE,TRUE,TRUE,TRUE,TRUE,TRUE ,no paper,,,,,,
NCT02858505,NAH,article,google search / trial number,27894198,10.1080/14767058.2016.1266478,https://www.tandfonline.com/doi/full/10.1080/14767058.2016.1266478,20-12-2016,SSY,article,google search / trial number,27894198,10.1080/14767058.2016.1266478,https://pubmed.ncbi.nlm.nih.gov/27894198/#full/view/affiliation/1,20-12-2016,TRUE,TRUE,TRUE,TRUE,FALSE,FALSE,TRUE,article,google search / trial number,27894198,10.1080/14767058.2016.1266478,https://www.tandfonline.com/doi/full/10.1080/14767058.2016.1266478,20-12-2016,
NCT03336541,NAH,article,google search / trial number,36570810,10.3389/fsurg.2022.1050232,https://www.frontiersin.org/journals/surgery/articles/10.3389/fsurg.2022.1050232/full,2012-08-22,SSY,article,google search / trial number,36570810,10.3389/fsurg.2022.1050232,https://www.ncbi.nlm.nih.gov/pmc/articles/PMC9774481/,2008-12-22,TRUE,TRUE,TRUE,TRUE,FALSE,FALSE,TRUE ,article,google search / trial number,36570810,10.3389/fsurg.2022.1050232,https://www.ncbi.nlm.nih.gov/pmc/articles/PMC9774481/,08-12-2022,
NCT03456258,NAH,no paper,NA,NA,NA,NA,NA,SSY,no paper,NA,NA,NA,NA,NA,TRUE,TRUE,TRUE,TRUE,TRUE,TRUE,TRUE ,no paper,,,,,,
NCT02366325,NAH,no paper,NA,NA,NA,NA,NA,SSY,no paper,NA,NA,NA,NA,NA,TRUE,TRUE,TRUE,TRUE,TRUE,TRUE,TRUE ,no paper,,,,,,
NCT02346227,NAH,article,linked in registry,31193477,10.1016/j.conctc.2019.100377,https://www.sciencedirect.com/science/article/pii/S2451865419300870?via%3Dihub,16-05-2019,SSY,article,linked in registry,31193477,10.1016/j.conctc.2019.100377,https://pubmed.ncbi.nlm.nih.gov/31193477/,16-05-2019,TRUE,TRUE,TRUE,TRUE,FALSE,FALSE,TRUE ,article,linked in registry,31193477,10.1016/j.conctc.2019.100377,https://pubmed.ncbi.nlm.nih.gov/31193477/,16-05-2019,
NCT00922610,NAH,no paper,NA,NA,NA,NA,NA,SSY,no paper,NA,NA,NA,NA,NA,TRUE,TRUE,TRUE,TRUE,TRUE,TRUE,TRUE ,no paper,,,,,,
NCT03202615,NAH,no paper,NA,NA,NA,NA,NA,SSY,no paper,NA,NA,NA,NA,NA,TRUE,TRUE,TRUE,TRUE,TRUE,TRUE,TRUE ,no paper,,,,,,
NCT02186145,NAH,no paper,NA,NA,NA,NA,NA,SSY,no paper,NA,NA,NA,NA,NA,TRUE,TRUE,TRUE,TRUE,TRUE,TRUE,TRUE ,no paper,,,,,,
NCT01115478,NAH,article,linked in registry,33546607,10.1186/s12874/021/01210/3,https://bmcmedresmethodol.biomedcentral.com/articles/10.1186/s12874/021/01210/3#ref/CR25,2002-05-21,SSY,no paper,NA,NA,NA,NA,NA,FALSE,FALSE,FALSE,FALSE,FALSE,FALSE,FALSE,article,google search / trial number,30124230,10.1111/cch.12605,https://onlinelibrary.wiley.com/doi/10.1111/cch.12605,19-08-2018,
NCT01337791,NAH,article,linked in registry,22343511,10.1016/j.cgh.2012.01.019,https://www.cghjournal.org/article/S1542/3565(12)00155/3/fulltext,16-02-2012,SSY,article,linked in registry,22343511,10.1016/j.cgh.2012.01.019,https://pubmed.ncbi.nlm.nih.gov/22343511/,14-02-2012,TRUE,TRUE,TRUE,TRUE,FALSE,FALSE,TRUE ,article,linked in registry,22343511,10.1016/j.cgh.2012.01.019,https://pubmed.ncbi.nlm.nih.gov/22343511/,14-02-2012,
NCT02094703,NAH,article,google search / PI + intervention,30333269,NA,https://www.actamedindones.org/index.php/ijim/article/view/492/pdf,2007-01-18,SSY,article,google search / PI + intervention,30333269,NA,https://pubmed.ncbi.nlm.nih.gov/30333269/,2001-07-18,TRUE,TRUE,TRUE,TRUE,FALSE,FALSE,TRUE ,article,google search / PI + intervention,30333269,NA,https://pubmed.ncbi.nlm.nih.gov/30333269/,01-07-2018,
NCT03345875,NAH,no paper,NA,NA,NA,NA,NA,SSY,no paper,NA,NA,NA,NA,NA,TRUE,TRUE,TRUE,TRUE,TRUE,TRUE,TRUE ,no paper,,,,,,
NCT01813682,NAH,no paper,NA,NA,NA,NA,NA,SSY,no paper,NA,NA,NA,NA,NA,TRUE,TRUE,TRUE,TRUE,TRUE,TRUE,TRUE ,no paper,,,,,,
NCT01695759,NAH,no paper,NA,NA,NA,NA,NA,SSY,no paper,NA,NA,NA,NA,NA,TRUE,TRUE,TRUE,TRUE,TRUE,TRUE,TRUE ,no paper,,,,,,
NCT01039051,NAH,no paper,NA,NA,NA,NA,NA,SSY,article,google search / PI + intervention,34191432,10.6133/apjcn.202106_30(2).0014,https://pubmed.ncbi.nlm.nih.gov/34191432/,2001-06-21,FALSE,FALSE,FALSE,FALSE,FALSE,FALSE,FALSE,article,google search / PI + intervention,34191432,10.6133/apjcn.202106_30(2).0014,https://pubmed.ncbi.nlm.nih.gov/34191432/,01-06-2021,
NCT02562508,NAH,article,google search / PI + intervention,31231780,10.1007/s11427/019/9547/7,https://link.springer.com/article/10.1007/s11427/019/9547/7,21-06-2019,SSY,article,google search / PI + intervention,31231780,10.1007/s11427/019/9547/7,https://pubmed.ncbi.nlm.nih.gov/31231780/,21-06-2019,TRUE,TRUE,TRUE,TRUE,FALSE,FALSE,TRUE ,article,google search / PI + intervention,31231780,10.1007/s11427/019/9547/7,https://link.springer.com/article/10.1007/s11427/019/9547/7,21-06-2019,
NCT02590224,NAH,no paper,NA,NA,NA,NA,NA,SSY,article,google search / trial number,29843553,10.1080/14767058.2018.1482871,https://pubmed.ncbi.nlm.nih.gov/29843553/#full/view/affiliation/1,NA,FALSE,FALSE,FALSE,FALSE,FALSE,FALSE,FALSE,article,google search / trial number,29843553,10.1080/14767058.2018.1482871,https://pubmed.ncbi.nlm.nih.gov/29843553/#full/view/affiliation/1,20-06-2018,
NCT03122938,NAH,no paper,NA,NA,NA,NA,NA,SSY,no paper,NA,NA,NA,NA,NA,TRUE,TRUE,TRUE,TRUE,TRUE,TRUE,TRUE ,no paper,,,,,,
NCT02444975,NAH,article,linked in registry,30285042,10.1001/jamainternmed.2018.4204,https://jamanetwork.com/journals/jamainternalmedicine/fullarticle/2705079,2010-01-18,SSY,article,linked in registry,30285042,10.1001/jamainternmed.2018.4204,https://pubmed.ncbi.nlm.nih.gov/30285042/,2001-11-18,TRUE,TRUE,TRUE,TRUE,FALSE,FALSE,TRUE ,article,linked in registry,30285042,10.1001/jamainternmed.2018.4204,https://jamanetwork.com/journals/jamainternalmedicine/fullarticle/2705079,01-11-2018,
NCT03279536,NAH,no paper,NA,NA,NA,NA,NA,SSY,no paper,NA,NA,NA,NA,NA,TRUE,TRUE,TRUE,TRUE,TRUE,TRUE,TRUE ,no paper,,,,,,
NCT04959578,NAH,article,linked in registry,36220980,10.1007/s00431/022/04650/1,https://link.springer.com/article/10.1007/s00431/022/04650/1,2010-11-22,SSY,article,linked in registry,36220980,10.1007/s00431/022/04650/1,https://pubmed.ncbi.nlm.nih.gov/36220980/,2011-10-22,TRUE,TRUE,TRUE,TRUE,FALSE,FALSE,TRUE ,article,linked in registry,36220980,10.1007/s00431/022/04650/1,https://pubmed.ncbi.nlm.nih.gov/36220980/,11-10-2022,
NCT03391440,NAH,article,google search / PI + intervention,35991648,10.3389/fmed.2022.888186,https://www.frontiersin.org/journals/medicine/articles/10.3389/fmed.2022.888186/full,2008-03-22,SSY,article,google search / trial number,35991648,10.3389/fmed.2022.888186,https://pubmed.ncbi.nlm.nih.gov/35991648/,2003-08-22,TRUE,FALSE,TRUE,TRUE,FALSE,FALSE,TRUE ,article,google search / trial number,35991648,10.3389/fmed.2022.888186,https://pubmed.ncbi.nlm.nih.gov/35991648/,03-08-2022,
NCT03196726,NAH,no paper,NA,NA,NA,NA,NA,SSY,no paper,NA,NA,NA,NA,NA,TRUE,TRUE,TRUE,TRUE,TRUE,TRUE,TRUE ,no paper,,,,,,
NCT02959125,NAH,no paper,NA,NA,NA,NA,NA,SSY,no paper,NA,NA,NA,NA,NA,TRUE,TRUE,TRUE,TRUE,TRUE,TRUE,TRUE ,no paper,,,,,,
NCT01977326,NAH,article,linked in registry,31733813,10.1016/j.brat.2019.103466,https://www.sciencedirect.com/science/article/pii/S0005796719301524?via%3Dihub,31-10-2019,SSY,article,linked in registry,28666425,10.1186/s12888/017/1397/9,https://pubmed.ncbi.nlm.nih.gov/28666425/,2001-07-17,TRUE,TRUE,FALSE,FALSE,FALSE,FALSE,FALSE,article,linked in registry,31733813,10.1016/j.brat.2019.103466,https://www.sciencedirect.com/science/article/pii/S0005796719301524?via%3Dihub,31-10-2019,
NCT02652819,NAH,article,linked in registry,31340089,10.1056/NEJMoa1813599,https://www.nejm.org/doi/10.1056/NEJMoa1813599?url_ver=Z39.88/2003&rfr_id=ori:rid:crossref.org&rfr_dat=cr_pub%20%200pubmed,24-07-2019,SSY,article,linked in registry,31340089,10.1056/nejmoa1813599,https://pubmed.ncbi.nlm.nih.gov/31340089/,24-07-2019,TRUE,TRUE,TRUE,FALSE,FALSE,FALSE,TRUE ,article,linked in registry,31340089,10.1056/nejmoa1813599,https://pubmed.ncbi.nlm.nih.gov/31340089/,24-07-2019,
NCT03392298,NAH,article,google search / PI + intervention,31098739,10.1007/s00277/019/03710/1,https://link.springer.com/article/10.1007/s00277/019/03710/1,16-05-2019,SSY,article,linked in registry,27456464,10.1007/s12185/016/2069/0,https://pubmed.ncbi.nlm.nih.gov/27456464/,25-07-2015,TRUE,FALSE,FALSE,FALSE,FALSE,FALSE,FALSE,article,google search / PI + intervention,31098739,10.1007/s00277/019/03710/1,https://link.springer.com/article/10.1007/s00277/019/03710/1,16-05-2019,
NCT01119612,NAH,article,linked in registry,26280534,10.1001/jamapediatrics.2015.1480,https://jamanetwork.com/journals/jamapediatrics/fullarticle/2427520,17-08-2015,SSY,article,linked in registry,26280534,10.1001/jamapediatrics.2015.1480,https://pubmed.ncbi.nlm.nih.gov/26280534/,2001-10-15,TRUE,TRUE,TRUE,TRUE,FALSE,FALSE,TRUE ,article,linked in registry,26280534,10.1001/jamapediatrics.2015.1480,https://jamanetwork.com/journals/jamapediatrics/fullarticle/2427520,17-08-2015,
NCT01478620,NAH,article,google search / trial number,NA,10.1186/s40816/015/0008/x,https://clinphytoscience.springeropen.com/articles/10.1186/s40816/015/0008/x,22-09-2015,SSY,article,google search / trial number,NA,10.1186/s40816/015/0008/x,https://www.researchgate.net/publication/283881560_An_open_label_non/controlled_multicentre_interventional_trial_to_investigate_the_safety_and_efficacy_of_CanephronR_N_in_the_management_of_uncomplicated_urinary_tract_infections_uUTIs,22-09-2015,TRUE,TRUE,TRUE,TRUE,FALSE,FALSE,TRUE ,article,google search / trial number,NA,10.1186/s40816/015/0008/x,https://clinphytoscience.springeropen.com/articles/10.1186/s40816/015/0008/x,22-09-2015,no PMID
NCT02304770,NAH,no paper,NA,NA,NA,NA,NA,SSY,no paper,NA,NA,NA,NA,NA,TRUE,TRUE,TRUE,TRUE,TRUE,TRUE,TRUE ,no paper,,,,,,
NCT01309516,NAH,article,google search / trial number,28713687,10.5498/wjp.v7.i2.98,https://www.wjgnet.com/2220/3206/full/v7/i2/98.htm,22-06-2017,SSY,article,google search / trial number,28713687,10.5498/2Fwjp.v7.i2.98,https://www.ncbi.nlm.nih.gov/pmc/articles/PMC5491481/,22-06-2017,TRUE,TRUE,TRUE,FALSE,FALSE,FALSE,TRUE ,article,google search / trial number,28713687,10.5498/wjp.v7.i2.98,https://www.wjgnet.com/2220/3206/full/v7/i2/98.htm,22-06-2017,
NCT00970866,NAH,article,linked in registry,25833980,10.3945/ajcn.114.091546,https://www.sciencedirect.com/science/article/pii/S0002916523273542?via%3Dihub,2002-11-15,SSY,article,linked in registry,25833980,10.3945/ajcn.114.091546,https://pubmed.ncbi.nlm.nih.gov/25833980/,2011-02-15,TRUE,TRUE,TRUE,TRUE,FALSE,FALSE,TRUE ,article,linked in registry,25833980,10.3945/ajcn.114.091546,https://pubmed.ncbi.nlm.nih.gov/25833980/,11-02-2015,
NCT01136850,NAH,article,linked in registry,25591391,10.1186/s12916/014/0258/3,https://bmcmedicine.biomedcentral.com/articles/10.1186/s12916/014/0258/3,16-01-2015,SSY,article,linked in registry,25591391,10.1186/s12916/014/0258/3,https://pubmed.ncbi.nlm.nih.gov/25591391/,16-01-2015,TRUE,TRUE,TRUE,TRUE,FALSE,FALSE,TRUE ,article,linked in registry,25591391,10.1186/s12916/014/0258/3,https://bmcmedicine.biomedcentral.com/articles/10.1186/s12916/014/0258/3,16-01-2015,
NCT01519947,NAH,no paper,NA,NA,NA,NA,NA,SSY,article,google search / PI + intervention,32577051,https://doi.org/10.5455/medarh.2020.74.109/114,https://www.ncbi.nlm.nih.gov/pmc/articles/PMC7296413/,2001-04-20,FALSE,FALSE,FALSE,FALSE,FALSE,FALSE,FALSE,no paper,NA,NA,NA,NA,NA,
NCT01795131,NAH,article,google search / trial number,38172996,10.1186/s40795/023/00785/y,https://bmcnutr.biomedcentral.com/articles/10.1186/s40795/023/00785/y,2001-03-24,SSY,article,google search / PI + intervention,25648738,10.1007/s00394/015/0845/x,https://pubmed.ncbi.nlm.nih.gov/25648738/,2004-02-15,TRUE,FALSE,FALSE,FALSE,FALSE,FALSE,FALSE,article,google search / PI + intervention,25648738,10.1007/s00394/015/0845/x,https://pubmed.ncbi.nlm.nih.gov/25648738/,04-02-2015,
NCT02652806,NAH,article,linked in registry,31340116,10.1056/NEJMoa1901713,https://www.nejm.org/doi/10.1056/NEJMoa1901713?url_ver=Z39.88/2003&rfr_id=ori:rid:crossref.org&rfr_dat=cr_pub%20%200pubmed,24-07-2019,SSY,article,linked in registry,31340116,10.1056/nejmoa1901713,https://pubmed.ncbi.nlm.nih.gov/31340116/,24-07-2019,TRUE,TRUE,TRUE,FALSE,FALSE,FALSE,TRUE ,article,linked in registry,31340116,10.1056/nejmoa1901713,https://pubmed.ncbi.nlm.nih.gov/31340116/,24-07-2019,
NCT02527941,NAH,non/publication equivalent like abstract or poster,google search / trial number,NA,NA,https://tspace.library.utoronto.ca/bitstream/1807/79012/1/Joag_Vineet_201706_PhD_thesis.pdf,2001-01-17,SSY,article,google search / PI + intervention,30407498,10.1093/cid/ciy762,https://pubmed.ncbi.nlm.nih.gov/30407498/,2002-05-19,FALSE,FALSE,FALSE,FALSE,FALSE,FALSE,FALSE,article,google search / PI + intervention,30407498,10.1093/cid/ciy762,https://pubmed.ncbi.nlm.nih.gov/30407498/,12-09-2018,
NCT02148965,NAH,article,linked in registry,29273044,10.1186/s12966/017/0632/6,https://ijbnpa.biomedcentral.com/articles/10.1186/s12966/017/0632/6,22-12-2017,SSY,article,linked in registry,29273044,10.1186/s12966/017/0632/6,https://pubmed.ncbi.nlm.nih.gov/29273044/,22-12-2017,TRUE,TRUE,TRUE,TRUE,FALSE,FALSE,TRUE ,article,linked in registry,29273044,10.1186/s12966/017/0632/6,https://pubmed.ncbi.nlm.nih.gov/29273044/,22-12-2017,
NCT02439632,NAH,no paper,NA,NA,NA,NA,NA,SSY,no paper,NA,NA,NA,NA,NA,TRUE,TRUE,TRUE,TRUE,TRUE,TRUE,TRUE ,no paper,,,,,,
NCT04306731,NAH,no paper,NA,NA,NA,NA,NA,SSY,no paper,NA,NA,NA,NA,NA,TRUE,TRUE,TRUE,TRUE,TRUE,TRUE,TRUE ,no paper,,,,,,
NCT01241110,NAH,non/publication equivalent like abstract or poster,google search / trial number,NA,NA,https://www.internationalscholarsjournals.com/articles/a/comparative/study/on/ofloxacin/and/azithromycin/incombination/with/metronidazole/to/outpatients/withpelvic/inflammator.pdf,2010-01-19,SSY,article,google search / trial number,NA,10.5897/IJMMS11.109,https://www.researchgate.net/publication/265891480_A_comparative_study_on_ofloxacin_and_azithromycin_in_combination_with_metronidazole_to_outpatients_with_pelvic_inflammatory_disease,26-12-2023,FALSE,TRUE,TRUE,FALSE,FALSE,FALSE,TRUE ,article,google search / trial number,NA,NA,https://academicjournals.org/journal/IJMMS/article-full-text-pdf/8330A15211,09-12-2011,pubmed does not link doi correctly; this is a retraction publication that was then re-published in 2019 - https://www.internationalscholarsjournals.com/articles/a-comparative-study-on-ofloxacin-and-azithromycin-incombination-with-metronidazole-to-outpatients-withpelvic-inflammator.pdf
NCT02124252,NAH,article,linked in registry,29197067,10.1002/ijgo.12415,https://obgyn.onlinelibrary.wiley.com/doi/10.1002/ijgo.12415,2012-02-17,SSY,article,google search / trial number,29197067,10.1002/ijgo.12415,https://pubmed.ncbi.nlm.nih.gov/29197067/,2003-01-18,TRUE,FALSE,TRUE,TRUE,FALSE,FALSE,TRUE ,article,linked in registry,29197067,10.1002/ijgo.12415,https://obgyn.onlinelibrary.wiley.com/doi/10.1002/ijgo.12415,02-12-2017,
NCT03019172,NAH,no paper,NA,NA,NA,NA,NA,SSY,no paper,NA,NA,NA,NA,NA,TRUE,TRUE,TRUE,TRUE,TRUE,TRUE,TRUE ,no paper,,,,,,
NCT01599507,NAH,article,google search / PI + intervention,28371815,10.1093/ndt/gfx011,https://academic.oup.com/ndt/article/32/8/1373/3091491?login=false,27-03-2017,SSY,no paper,NA,NA,NA,NA,NA,FALSE,FALSE,FALSE,FALSE,FALSE,FALSE,FALSE,article,google search / PI + intervention,28371815,10.1093/ndt/gfx011,https://academic.oup.com/ndt/article/32/8/1373/3091491?login=false,27-03-2017,
NCT02005588,NAH,article,google search / PI + intervention,28073037,10.1016/j.ejogrb.2017.01.003,https://www.sciencedirect.com/science/article/pii/S0301211517300040?via%3Dihub,2001-03-17,SSY,article,google search / PI + intervention,28073037,10.1016/j.ejogrb.2017.01.003,https://pubmed.ncbi.nlm.nih.gov/28073037/,2003-01-17,TRUE,TRUE,TRUE,TRUE,FALSE,FALSE,TRUE ,article,google search / PI + intervention,28073037,10.1016/j.ejogrb.2017.01.003,https://www.sciencedirect.com/science/article/pii/S0301211517300040?via%3Dihub,03-01-2017,
NCT01883479,NAH,article,linked in registry,34802425,10.1186/s12884/021/04257/8,https://bmcpregnancychildbirth.biomedcentral.com/articles/10.1186/s12884/021/04257/8,22-11-2021,SSY,article,linked in registry,34802425,10.1186/s12884/021/04257/8,https://pubmed.ncbi.nlm.nih.gov/34802425/,22-11-2021,TRUE,TRUE,TRUE,TRUE,FALSE,FALSE,TRUE ,article,linked in registry,34802425,10.1186/s12884/021/04257/8,https://pubmed.ncbi.nlm.nih.gov/34802425/,22-11-2021,
NCT00744328,NAH,article,google search / PI + intervention,26061609,10.1097/JCP.0000000000000351,https://journals.lww.com/psychopharmacology/fulltext/2015/08000/transdermal_estradiol_treatment_for_postpartum.7.aspx,2008-01-15,SSY,article,linked in registry,22283499,10.1089/jwh.2011.3256,https://pubmed.ncbi.nlm.nih.gov/22283499/,27-01-2012,TRUE,FALSE,FALSE,FALSE,FALSE,FALSE,FALSE,article,google search / PI + intervention,26061609,10.1097/JCP.0000000000000351,https://journals.lww.com/psychopharmacology/fulltext/2015/08000/transdermal_estradiol_treatment_for_postpartum.7.aspx,01-08-2015,
NCT01087112,NAH,article,google search / PI + intervention,25451617,10.1002/imhj.21478,https://onlinelibrary.wiley.com/doi/10.1002/imhj.21478,2012-01-14,SSY,no paper,NA,NA,NA,NA,NA,FALSE,FALSE,FALSE,FALSE,FALSE,FALSE,FALSE,article,google search / PI + intervention,25451617,10.1002/imhj.21478,https://onlinelibrary.wiley.com/doi/10.1002/imhj.21478,01-12-2014,
NCT00731315,NAH,article,google search / trial number,21996070,10.1111/j.1553/2712.2011.01167.x,https://onlinelibrary.wiley.com/doi/10.1111/j.1553/2712.2011.01167.x,13-10-2011,SSY,article,google search / trial number,21996070,10.1111/j.1553/2712.2011.01167.x,https://onlinelibrary.wiley.com/doi/10.1111/j.1553/2712.2011.01167.x,13-10-2011,TRUE,TRUE,TRUE,TRUE,TRUE,TRUE,TRUE ,article,google search / trial number,21996070,10.1111/j.1553/2712.2011.01167.x,,01-10-2011,
NCT02742636,NAH,article,google search / trial number,30548529,10.1111/1471/0528.15580,https://obgyn.onlinelibrary.wiley.com/doi/full/10.1111/1471/0528.15580,2012-12-18,SSY,article,google search / trial number,30548529,10.1111/2F1471/0528.15580,https://www.ncbi.nlm.nih.gov/pmc/articles/PMC6593458/,2001-05-19,TRUE,TRUE,TRUE,FALSE,FALSE,FALSE,TRUE ,article,google search / trial number,30548529,10.1111/2F1471/0528.15580,https://www.ncbi.nlm.nih.gov/pmc/articles/PMC6593458/,01-03-2019,
NCT01071239,NAH,no paper,NA,NA,NA,NA,NA,SSY,no paper,NA,NA,NA,NA,NA,TRUE,TRUE,TRUE,TRUE,TRUE,TRUE,TRUE ,no paper,,,,,,
NCT02538497,NAH,article,linked in registry,32539729,10.1186/s12888/020/02669/y,https://bmcpsychiatry.biomedcentral.com/articles/10.1186/s12888/020/02669/y,15-06-2020,SSY,article,google search / trial number,32539729,10.1186/s12888/020/02669/y,https://pubmed.ncbi.nlm.nih.gov/32539729/,15-06-2020,TRUE,FALSE,TRUE,TRUE,FALSE,FALSE,TRUE ,article,linked in registry,32539729,10.1186/s12888/020/02669/y,https://bmcpsychiatry.biomedcentral.com/articles/10.1186/s12888/020/02669/y,15-06-2020,
NCT01453114,NAH,article,google search / PI + intervention,24911438,10.1097/JCP.0000000000000158,https://journals.lww.com/psychopharmacology/fulltext/2014/08000/discontinuation_of_antidepressants_during_attempts.7.aspx,2008-01-14,SSY,article,google search / PI + intervention,24911438,10.1097/jcp.0000000000000158,https://pubmed.ncbi.nlm.nih.gov/24911438/,2001-08-14,TRUE,TRUE,TRUE,FALSE,FALSE,FALSE,TRUE ,article,google search / PI + intervention,24911438,10.1097/jcp.0000000000000158,https://pubmed.ncbi.nlm.nih.gov/24911438/,01-08-2014,
NCT01235546,NAH,article,linked in registry,27682034,10.1056/NEJMoa1602044,https://www.nejm.org/doi/10.1056/NEJMoa1602044?url_ver=Z39.88/2003&rfr_id=ori:rid:crossref.org&rfr_dat=cr_pub%20%200www.ncbi.nlm.nih.gov,29-09-2016,SSY,article,linked in registry,27682034,10.1056/nejmoa1602044,https://pubmed.ncbi.nlm.nih.gov/27682034/,NA,TRUE,TRUE,TRUE,FALSE,FALSE,FALSE,TRUE ,article,linked in registry,27682034,10.1056/NEJMoa1602044,https://www.nejm.org/doi/10.1056/NEJMoa1602044?url_ver=Z39.88/2003&rfr_id=ori:rid:crossref.org&rfr_dat=cr_pub%20%200www.ncbi.nlm.nih.gov,29-09-2016,
NCT01235936,NAH,no paper,NA,NA,NA,NA,NA,SSY,no paper,NA,NA,NA,NA,NA,TRUE,TRUE,TRUE,TRUE,TRUE,TRUE,TRUE ,no paper,,,,,,
NCT01507649,NAH,article,linked in registry,27392544,10.1016/j.jpsychores.2016.03.016,https://www.sciencedirect.com/science/article/pii/S002239991630068X?via%3Dihub,16-04-2016,SSY,article,linked in registry,27302544,10.1016/j.jpsychores.2016.03.016,https://pubmed.ncbi.nlm.nih.gov/27302544/,16-04-2016,TRUE,TRUE,FALSE,TRUE,FALSE,FALSE,TRUE ,article,linked in registry,27302544,10.1016/j.jpsychores.2016.03.016,https://pubmed.ncbi.nlm.nih.gov/27302544/,16-04-2016,
NCT01899534,NAH,article,linked in registry,28389421,10.2196/jmir.6866,https://www.jmir.org/2017/4/e88/,2004-07-17,SSY,article,linked in registry,28389421,10.2196/jmir.6866,https://pubmed.ncbi.nlm.nih.gov/28389421/,2007-04-17,TRUE,TRUE,TRUE,TRUE,FALSE,FALSE,TRUE ,article,linked in registry,28389421,10.2196/jmir.6866,https://pubmed.ncbi.nlm.nih.gov/28389421/,07-04-2017,
NCT01964196,NAH,article,linked in registry,30953333,10.1007/s12325/019/00943/4,https://link.springer.com/article/10.1007/s12325/019/00943/4,2004-05-19,SSY,article,linked in registry,30953333,10.1007/s12325/019/00943/4,https://pubmed.ncbi.nlm.nih.gov/30953333/,2005-04-19,TRUE,TRUE,TRUE,TRUE,FALSE,FALSE,TRUE ,article,linked in registry,30953333,10.1007/s12325/019/00943/4,https://pubmed.ncbi.nlm.nih.gov/30953333/,05-04-2019,
NCT01812889,NAH,no paper,NA,NA,NA,NA,NA,SSY,no paper,NA,NA,NA,NA,NA,TRUE,TRUE,TRUE,TRUE,TRUE,TRUE,TRUE ,no paper,,,,,,
NCT01744041,NAH,article,linked in registry,32479328,10.1016/j.jad.2020.03.084,https://www.sciencedirect.com/science/article/abs/pii/S0165032719322104?via%3Dihub,15-04-2020,SSY,article,linked in registry,25604869,10.1007/2Fs00737/015/0503/6,https://www.ncbi.nlm.nih.gov/pmc/articles/PMC4439306/,22-01-2015,TRUE,TRUE,FALSE,FALSE,FALSE,FALSE,FALSE,article,linked in registry,25604869,10.1007/s00737-015-0503-6,https://www.ncbi.nlm.nih.gov/pmc/articles/PMC4439306/,22-01-2015,
NCT03366207,NAH,no paper,NA,NA,NA,NA,NA,SSY,no paper,NA,NA,NA,NA,NA,TRUE,TRUE,TRUE,TRUE,TRUE,TRUE,TRUE ,no paper,,,,,,
NCT01221844,NAH,article,linked in registry,24590680,10.1007/s10534/014/9723/x,https://link.springer.com/article/10.1007/s10534/014/9723/x,2003-04-14,SSY,article,linked in registry,24590680,10.1007/s10534/014/9723/x,https://pubmed.ncbi.nlm.nih.gov/24590680/,2004-03-14,TRUE,TRUE,TRUE,TRUE,FALSE,FALSE,TRUE ,article,linked in registry,24590680,10.1007/s10534/014/9723/x,https://pubmed.ncbi.nlm.nih.gov/24590680/,04-03-2014,
NCT02289794,NAH,article,linked in registry,28238601,10.1016/S1473/3099(17)30108/1,https://www.thelancet.com/journals/laninf/article/PIIS1473/3099(17)30108/1/abstract,23-02-2017,SSY,article,linked in registry,28238601,10.1016/s1473/3099(17)30108/1,NA,24-02-2017,TRUE,TRUE,TRUE,FALSE,FALSE,FALSE,TRUE ,article,linked in registry,28238601,10.1016/s1473/3099(17)30108/1,https://www.sciencedirect.com/science/article/pii/S1473309917301081?via%3Dihub,24-02-2017,
NCT01800799,NAH,article,google search / trial number,27032555,10.5213/inj.1630454.227,https://www.einj.org/m/journal/view.php?doi=10.5213/inj.1630454.227,15-03-2016,SSY,article,google search / trial number,27032555,10.5213/2Finj.1630454.227,https://www.ncbi.nlm.nih.gov/pmc/articles/PMC4819159/,15-03-2016,TRUE,TRUE,TRUE,FALSE,FALSE,FALSE,TRUE ,article,google search / trial number,27032555,10.5213/inj.1630454.227,https://www.einj.org/m/journal/view.php?doi=10.5213/inj.1630454.227,15-03-2016,
NCT01155388,NAH,no paper,NA,NA,NA,NA,NA,SSY,no paper,NA,NA,NA,NA,NA,TRUE,TRUE,TRUE,TRUE,TRUE,TRUE,TRUE ,no paper,,,,,,
NCT02978326,NAH,article,google search / trial number,34190962,10.1001/jamapsychiatry.2021.1559,https://jamanetwork.com/journals/jamapsychiatry/fullarticle/2781385,30-06-2021,SSY,article,google search / trial number,34190962,10.1001/jamapsychiatry.2021.1559,https://pubmed.ncbi.nlm.nih.gov/34190962/,2001-09-21,TRUE,TRUE,TRUE,TRUE,FALSE,FALSE,TRUE ,article,google search / trial number,34190962,10.1001/jamapsychiatry.2021.1559,https://jamanetwork.com/journals/jamapsychiatry/fullarticle/2781385,30-06-2021,
NCT03568942,NAH,article,linked in registry,32284284,10.1128/AAC.00199/20,https://journals.asm.org/doi/full/10.1128/aac.00199/20?rfr_dat=cr_pub++0pubmed&url_ver=Z39.88/2003&rfr_id=ori%3Arid%3Acrossref.org,23-06-2020,SSY,article,linked in registry,32284384,10.1128/aac.00199/20,https://pubmed.ncbi.nlm.nih.gov/32284384/,23-06-2020,TRUE,TRUE,FALSE,FALSE,FALSE,FALSE,TRUE ,article,linked in registry,32284384,10.1128/aac.00199/20,https://pubmed.ncbi.nlm.nih.gov/32284384/,23-06-2020,
NCT00678041,NAH,no paper,NA,NA,NA,NA,NA,SSY,article,google search / PI + intervention,20354678,10.1007/s00192/010/1137/x,https://pubmed.ncbi.nlm.nih.gov/20354678/,31-03-2010,FALSE,FALSE,FALSE,FALSE,FALSE,FALSE,FALSE,article,google search / PI + intervention,20354678,10.1007/s00192/010/1137/x,https://pubmed.ncbi.nlm.nih.gov/20354678/,31-03-2010,
NCT01018576,NAH,no paper,NA,NA,NA,NA,NA,SSY,no paper,NA,NA,NA,NA,NA,TRUE,TRUE,TRUE,TRUE,TRUE,TRUE,TRUE ,no paper,,,,,,
NCT02323087,NAH,article,linked in registry,29042390,10.1136/bmjopen/2017/018028,https://bmjopen.bmj.com/content/7/10/e018028.long,16-10-2017,SSY,article,linked in registry,28569603,10.1080/02813432.2017.1333304,https://pubmed.ncbi.nlm.nih.gov/28569603/,2001-06-17,TRUE,TRUE,FALSE,FALSE,FALSE,FALSE,FALSE,article,linked in registry,29042390,10.1136/bmjopen/2017/018028,https://bmjopen.bmj.com/content/7/10/e018028.long,16-10-2017,
NCT01039545,NAH,article,linked in registry,29113968,10.1136/bmj.j4784,https://www.bmj.com/content/359/bmj.j4784.long,2011-08-17,SSY,article,linked in registry,29133285,10.1136/bmj.j5268.,https://pubmed.ncbi.nlm.nih.gov/29113968/,2007-11-17,TRUE,TRUE,FALSE,FALSE,FALSE,FALSE,TRUE ,article,linked in registry,29113968,10.1136/bmj.j4784,https://www.bmj.com/content/359/bmj.j4784.long,08-11-2017,"article was corrected a few days later, not sure which to use for pub date"
NCT01132131,NAH,article,linked in registry,25961367,10.3109/02813432.2015.1041827,https://www.tandfonline.com/doi/full/10.3109/02813432.2015.1041827,2004-11-14,SSY,article,linked in registry,25961367,10.3109/02813432.2015.1041827,https://pubmed.ncbi.nlm.nih.gov/25961367/,2011-05-15,TRUE,TRUE,TRUE,TRUE,FALSE,FALSE,TRUE ,article,linked in registry,25961367,10.3109/02813432.2015.1041827,https://pubmed.ncbi.nlm.nih.gov/25961367/,11-05-2015,
NCT01768351,NAH,article,linked in registry,25781618,10.1371/journal.pone.0118174,https://journals.plos.org/plosone/article?id=10.1371/journal.pone.0118174,17-03-2015,SSY,article,linked in registry,25781618,10.1371/journal.pone.0118174,https://pubmed.ncbi.nlm.nih.gov/25781618/,17-03-2015,TRUE,TRUE,TRUE,TRUE,FALSE,FALSE,TRUE ,article,linked in registry,25781618,10.1371/journal.pone.0118174,https://journals.plos.org/plosone/article?id=10.1371/journal.pone.0118174,17-03-2015,
NCT03142295,NAH,no paper,NA,NA,NA,NA,NA,SSY,no paper,NA,NA,NA,NA,NA,TRUE,TRUE,TRUE,TRUE,TRUE,TRUE,TRUE ,no paper,,,,,,
NCT02526407,NAH,article,linked in registry,29436333,10.1192/bjp.2017.29,https://www.cambridge.org/core/journals/the/british/journal/of/psychiatry/article/effect/of/singing/interventions/on/symptoms/of/postnatal/depression/threearm/randomised/controlled/trial/534122E539704BAEAC0824F9FCACC5A8,2001-09-18,SSY,article,google search / trial number,29436333,10.1192/bjp.2017.29,https://pubmed.ncbi.nlm.nih.gov/29436333/,2001-02-18,TRUE,FALSE,TRUE,TRUE,FALSE,FALSE,TRUE ,article,linked in registry,29436333,10.1192/bjp.2017.29,https://www.cambridge.org/core/journals/the/british/journal/of/psychiatry/article/effect/of/singing/interventions/on/symptoms/of/postnatal/depression/threearm/randomised/controlled/trial/534122E539704BAEAC0824F9FCACC5A8,09-01-2018,
NCT00871494,NAH,article,linked in registry,24787738,10.1016/j.jiac.2014.04.001,https://www.sciencedirect.com/science/article/pii/S1341321X14001500?via%3Dihub,29-04-2014,SSY,article,linked in registry,24787738,10.1016/j.jiac.2014.04.001,https://pubmed.ncbi.nlm.nih.gov/24787738/,29-04-2019,TRUE,TRUE,TRUE,TRUE,FALSE,FALSE,TRUE ,article,linked in registry,24787738,10.1016/j.jiac.2014.04.001,https://pubmed.ncbi.nlm.nih.gov/24787738/,29-04-2019,
NCT01687114,NAH,no paper,NA,NA,NA,NA,NA,SSY,article,google search / PI + intervention,NA,10.1096/fasebj.28.1_supplement.1044.3,https://www.researchgate.net/publication/352182382_Urinary_proanthocyanidin_A2_as_a_biomarker_of_consumption_of_cranberry_juice_o_a_pilot_study_10443,2001-04-14,FALSE,FALSE,TRUE,FALSE,FALSE,FALSE,FALSE,article,google search / trial number,26573891,10.1002/jssc.201500922,https://analyticalsciencejournals.onlinelibrary.wiley.com/doi/10.1002/jssc.201500922,17-11-2015,
NCT01488955,NAH,article,linked in registry,26698878,10.1136/bmj.h6544,https://www.bmj.com/content/351/bmj.h6544.long,23-12-2015,SSY,article,linked in registry,26698878,10.1136/bmj.h6544,https://pubmed.ncbi.nlm.nih.gov/26698878/,23-12-2015,TRUE,TRUE,TRUE,TRUE,FALSE,FALSE,TRUE ,article,linked in registry,26698878,10.1136/bmj.h6544,https://pubmed.ncbi.nlm.nih.gov/26698878/,23-12-2015,
NCT02765087,NAH,no paper,NA,NA,NA,NA,NA,SSY,non/publication equivalent like abstract or poster,google search / PI + intervention,NA,10.1164/ajrccm/conference.2020.201.1_MeetingAbstracts.A2693,https://www.researchgate.net/publication/342773527_E/Nose_as_a_Screening_Tool_of_Pulmonary_Tuberculosis_in_Patients_Living_with_HIV,2001-05-20,FALSE,FALSE,TRUE,FALSE,FALSE,FALSE,TRUE ,no paper,NA,NA,NA,NA,NA,
NCT00679159,NAH,article,linked in registry,21606542,10.1093/infdis/jir195,https://academic.oup.com/jid/article/203/12/1832/934546?login=true,15-06-2011,SSY,article,linked in registry,21606542,10.1093/infdis/jir195,https://pubmed.ncbi.nlm.nih.gov/21606542/,15-06-2024,TRUE,TRUE,TRUE,TRUE,FALSE,FALSE,TRUE ,article,linked in registry,21606542,10.1093/infdis/jir195,https://academic.oup.com/jid/article/203/12/1832/934546?login=true,15-06-2011,
NCT03278483,NAH,no paper,NA,NA,NA,NA,NA,SSY,no paper,NA,NA,NA,NA,NA,TRUE,TRUE,TRUE,TRUE,TRUE,TRUE,TRUE ,no paper,,,,,,
NCT01241188,NAH,article,linked in registry,26677940,10.1183/13993003.01464/2015,https://erj.ersjournals.com/content/47/3/919.long,2012-07-15,SSY,article,linked in registry,26677940,10.1183/13993003.01464/2015,https://pubmed.ncbi.nlm.nih.gov/26677940/,17-12-2015,TRUE,TRUE,TRUE,TRUE,FALSE,FALSE,TRUE ,article,linked in registry,26677940,10.1183/13993003.01464/2015,https://pubmed.ncbi.nlm.nih.gov/26677940/,17-12-2015,
NCT02121314,NAH,article,linked in registry,26661397,10.1093/jac/dkv394,https://academic.oup.com/jac/article/71/3/703/2363888?login=true,2012-11-15,SSY,article,linked in registry,26661397,10.1093/jac/dkv394,https://pubmed.ncbi.nlm.nih.gov/26661397/,2011-12-15,TRUE,TRUE,TRUE,TRUE,FALSE,FALSE,TRUE ,article,linked in registry,26661397,10.1093/jac/dkv394,https://pubmed.ncbi.nlm.nih.gov/26661397/,11-12-2015,
NCT01159886,NAH,article,google search / trial number,26135254,10.1055/s/0034/1365541,https://www.thieme/connect.com/products/ejournals/html/10.1055/s/0034/1365541,2005-07-14,SSY,article,google search / PI + intervention,26135254,10.1055/s/0034/1365541,https://www.ncbi.nlm.nih.gov/pmc/articles/PMC4423309/,2007-05-14,TRUE,FALSE,TRUE,TRUE,FALSE,FALSE,TRUE ,article,google search / PI + intervention,26135254,10.1055/s/0034/1365541,https://www.ncbi.nlm.nih.gov/pmc/articles/PMC4423309/,07-05-2014,
NCT04150224,NAH,no paper,NA,NA,NA,NA,NA,SSY,article,google search / PI + intervention,NA,10.26442/00403660.2020.03.000621,https://ter/arkhiv.ru/0040/3660/article/view/33905,27-03-2020,FALSE,FALSE,TRUE,FALSE,FALSE,FALSE,FALSE,article,google search / PI + intervention,NA,10.26442/00403660.2020.03.000621,https://ter/arkhiv.ru/0040/3660/article/view/33905,27-03-2020,full text is in russian 
NCT03497195,NAH,no paper,NA,NA,NA,NA,NA,SSY,no paper,NA,NA,NA,NA,NA,TRUE,TRUE,TRUE,TRUE,TRUE,TRUE,TRUE ,no paper,,,,,,
NCT02558842,NAH,article,google search / PI + intervention,31207148,10.1111/crj.13052,https://onlinelibrary.wiley.com/doi/10.1111/crj.13052,17-06-2019,SSY,article,google search / trial number,31207148,10.1111/crj.13052,https://doi.org/10.1111/crj.13052,17-06-2019,TRUE,FALSE,TRUE,TRUE,FALSE,FALSE,TRUE ,article,google search / PI + intervention,31207148,10.1111/crj.13052,https://onlinelibrary.wiley.com/doi/10.1111/crj.13052,17-06-2019,
NCT01742364,NAH,article,google search / trial number,25862299,10.1016/j.vaccine.2015.03.074,https://www.sciencedirect.com/science/article/pii/S0264410X1500393X?via%3Dihub,2004-07-15,SSY,article,google search / trial number,25862299,10.1016/j.vaccine.2015.03.074,https://doi.org/10.1016/j.vaccine.2015.03.074,2007-04-15,TRUE,TRUE,TRUE,TRUE,FALSE,FALSE,TRUE ,article,google search / trial number,25862299,10.1016/j.vaccine.2015.03.074,https://doi.org/10.1016/j.vaccine.2015.03.074,07-04-2015,
NCT01779102,NAH,article,linked in registry,30572979,10.5588/ijtld.18.0137,https://www.ingentaconnect.com/content/iuatld/ijtld/2019/00000023/00000001/art00007;jsessionid=9gpfmei8pa9u7.x/ic/live/02,20-12-2018,SSY,article,linked in registry,30572979,10.5588/ijtld.18.0137,https://doi.org/10.5588/ijtld.18.0137,20-12-2018,TRUE,TRUE,TRUE,TRUE,FALSE,FALSE,TRUE ,article,linked in registry,30572979,10.5588/ijtld.18.0137,https://www.ingentaconnect.com/content/iuatld/ijtld/2019/00000023/00000001/art00007;jsessionid=9gpfmei8pa9u7.x/ic/live/02,20-12-2018,
NCT03017378,NAH,no paper,NA,NA,NA,NA,NA,SSY,no paper,NA,NA,NA,NA,NA,TRUE,TRUE,TRUE,TRUE,TRUE,TRUE,TRUE ,no paper,,,,,,
NCT01782950,NAH,article,linked in registry,29514175,10.1093/cid/ciy179,https://academic.oup.com/cid/article/67/5/708/4919550?login=true,16-08-2018,SSY,article,linked in registry,28928173,10.1136/bmjopen/2016/014679,https://doi.org/10.1136/bmjopen/2016/014679,18-09-2017,TRUE,TRUE,FALSE,FALSE,FALSE,FALSE,FALSE,article,,,,,,
NCT02375698,NAH,article,google search / trial number,38557639,10.1093/infdis/jiae170,https://academic.oup.com/jid/advance/article/doi/10.1093/infdis/jiae170/7638461?login=true,2004-01-24,SSY,article,linked in registry,38557639,10.1093/infdis/jiae170,https://doi.org/10.1093/infdis/jiae170,2001-04-24,TRUE,FALSE,TRUE,TRUE,FALSE,FALSE,FALSE,article,,,,,,
NCT01865487,NAH,article,linked in registry,30092143,10.1164/rccm.201802/0366OC,https://www.atsjournals.org/doi/10.1164/rccm.201802/0366OC?url_ver=Z39.88/2003&rfr_id=ori:rid:crossref.org&rfr_dat=cr_pub%20%200pubmed,2008-09-18,SSY,article,linked in registry,30092143,10.1164/rccm.201802/0366oc,https://doi.org/10.1164/rccm.201802/0366oc,15-01-2019,TRUE,TRUE,TRUE,FALSE,FALSE,FALSE,TRUE ,article,linked in registry,30092143,10.1164/rccm.201802/0366OC,,15-01-2019,
NCT01583972,NAH,article,linked in registry,25269669,10.1016/j.cct.2014.09.004,https://www.sciencedirect.com/science/article/pii/S1551714414001451?via%3Dihub,28-09-2014,SSY,article,linked in registry,25269669,10.1016/j.cct.2014.09.004,https://doi.org/10.1016/j.cct.2014.09.004,28-09-2014,TRUE,TRUE,TRUE,TRUE,FALSE,FALSE,TRUE ,article,linked in registry,25269669,10.1016/j.cct.2014.09.004,https://doi.org/10.1016/j.cct.2014.09.004,28-09-2014,
NCT00857116,NAH,article,linked in registry,25486494,10.1016/j.ijpara.2014.09.006,https://www.sciencedirect.com/science/article/pii/S0020751914002902?via%3Dihub,2012-05-14,SSY,article,linked in registry,25486494,10.1016/j.ijpara.2014.09.006,https://pubmed.ncbi.nlm.nih.gov/25486494/,2005-12-14,TRUE,TRUE,TRUE,TRUE,FALSE,FALSE,TRUE ,article,linked in registry,25486494,10.1016/j.ijpara.2014.09.006,,05-12-2014,
NCT00617643,NAH,article,linked in registry,21047828,10.1093/jac/dkq411,https://academic.oup.com/jac/article/66/1/180/725586?login=true,2011-02-10,SSY,article,linked in registry,21047828,10.1093/jac/dkq411,https://doi.org/10.1093/jac/dkq411,2002-11-10,TRUE,TRUE,TRUE,TRUE,FALSE,FALSE,TRUE ,article,linked in registry,21047828,10.1093/jac/dkq411,https://doi.org/10.1093/jac/dkq411,02-11-2010,
NCT02901288,NAH,no paper,NA,NA,NA,NA,NA,SSY,no paper,NA,NA,NA,NA,NA,TRUE,TRUE,TRUE,TRUE,TRUE,TRUE,TRUE ,no paper,,,,,,
NCT01650389,NAH,article,linked in registry,29028973,10.1093/cid/cix834,https://academic.oup.com/cid/article/66/4/554/4237626?login=true,26-10-2017,SSY,article,linked in registry,29028973,10.1093/cid/cix834,https://doi.org/10.1093/cid/cix834,2001-02-18,TRUE,TRUE,TRUE,TRUE,FALSE,FALSE,TRUE ,article,linked in registry,29028973,10.1093/cid/cix834,https://doi.org/10.1093/cid/cix834,01-02-2018,
NCT01663168,NAH,no paper,NA,NA,NA,NA,NA,SSY,no paper,NA,NA,NA,https://erj.ersjournals.com/content/53/3/1801770,NA,TRUE,TRUE,TRUE,TRUE,FALSE,FALSE,TRUE ,no paper,,,,,,
NCT03919812,NAH,no paper,NA,NA,NA,NA,NA,SSY,no paper,NA,NA,NA,NA,NA,TRUE,TRUE,TRUE,TRUE,TRUE,TRUE,TRUE ,no paper,,,,,,
NCT01934309,NAH,no paper,NA,NA,NA,NA,NA,SSY,no paper,NA,NA,NA,NA,NA,TRUE,TRUE,TRUE,TRUE,TRUE,TRUE,TRUE ,no paper,,,,,,
NCT02120638,NAH,article,google search / trial number,30578402,10.1183/13993003.01770/2018,https://erj.ersjournals.com/content/53/3/1801770,14-03-2019,SSY,article,google search / PI + intervention,30578402,10.1183/13993003.01770/2018,https://doi.org/10.1183/13993003.01770/2018,14-03-2019,TRUE,FALSE,TRUE,TRUE,FALSE,FALSE,TRUE ,article,google search / PI + intervention,30578402,10.1183/13993003.01770/2018,https://doi.org/10.1183/13993003.01770/2018,14-03-2019,
NCT01635153,NAH,article,linked in registry,35898141,10.5588/ijtld.21.0669,https://www.ingentaconnect.com/content/iuatld/ijtld/2022/00000026/00000008/art00021,01/0802022,SSY,article,google search / trial number,35898141,10.5588/ijtld.21.0669,https://doi.org/10.5588/ijtld.21.0669,2001-08-22,TRUE,FALSE,TRUE,TRUE,FALSE,FALSE,TRUE ,article,linked in registry,35898141,10.5588/ijtld.21.0669,https://www.ingentaconnect.com/content/iuatld/ijtld/2022/00000026/00000008/art00021,01-08-2022,
NCT02430506,NAH,article,linked in registry,27026148,10.1016/j.vaccine.2016.03.069,https://www.sciencedirect.com/science/article/pii/S0264410X16300652?via%3Dihub,26-03-2016,SSY,article,linked in registry,27026148,10.1016/j.vaccine.2016.03.069,https://doi.org/10.1016/j.vaccine.2016.03.069,26-03-2016,TRUE,TRUE,TRUE,TRUE,FALSE,FALSE,TRUE ,article,linked in registry,27026148,10.1016/j.vaccine.2016.03.069,https://www.sciencedirect.com/science/article/pii/S0264410X16300652?via%3Dihub,26-03-2016,
NCT01014481,NAH,no paper,NA,NA,NA,NA,NA,SSY,no paper,NA,NA,NA,NA,NA,TRUE,TRUE,TRUE,TRUE,TRUE,TRUE,TRUE ,no paper,,,,,,
NCT02043080,NAH,no paper,NA,NA,NA,NA,NA,SSY,non/publication equivalent like abstract or poster,google search / PI + intervention,NA,NA,https://www.researchgate.net/publication/313692135_PERFORMANCE_OF_XPERT_MTBRIF_AND_DETERMINE_LAM_IN_HIV/INFECTED_ADULTS_IN_PERI/URBAN_SITES_IN_ZAMBIA_CDC_OP/X_STUDY/fulltext/58a77fb2aca27206d9ac3fe2/PERFORMANCE/OF/XPERT/MTB/RIF/AND/DETERMINE/LAM/IN/HIV/INFECTED/ADULTS/IN/PERI/URBAN/SITES/IN/ZAMBIA/CDC/OP/X/STUDY.pdf,17-02-2017,FALSE,FALSE,TRUE,TRUE,FALSE,FALSE,TRUE ,no paper,,,,,,
NCT02729571,NAH,article,linked in registry,31416768,10.1016/S2213/2600(19)30251/6,https://www.sciencedirect.com/science/article/pii/S2213260019302516?via%3Dihub,2008-12-19,SSY,article,linked in registry,31416768,10.1016/s2213/2600(19)30251/6,https://doi.org/10.1016/s2213/2600(19)30251/6,2012-08-19,TRUE,TRUE,TRUE,FALSE,FALSE,FALSE,TRUE ,article,linked in registry,31416768,10.1016/S2213/2600(19)30251/6,https://www.sciencedirect.com/science/article/pii/S2213260019302516?via%3Dihub,12-08-2019,
NCT02684240,NAH,article,linked in registry,32071052,10.1128/AAC.01956/19,https://journals.asm.org/doi/10.1128/aac.01956/19?url_ver=Z39.88/2003&rfr_id=ori%3Arid%3Acrossref.org&rfr_dat=cr_pub++0pubmed,21-04-2020,SSY,article,linked in registry,32071052,10.1128/2FAAC.01956/19,https://doi.org/10.1128/2FAAC.01956/19,18-02-2020,TRUE,TRUE,TRUE,FALSE,FALSE,FALSE,TRUE ,article,linked in registry,32071052,10.1128/AAC.01956/19,https://journals.asm.org/doi/10.1128/aac.01956/19?url_ver=Z39.88/2003&rfr_id=ori%3Arid%3Acrossref.org&rfr_dat=cr_pub++0pubmed,18-02-2020,
NCT01589497,NAH,article,linked in registry,33834177,10.1016/s2666/5247(20)30011/2,https://www.thelancet.com/journals/lanmic/article/PIIS2666/5247(20)30011/2/fulltext,2006-08-20,SSY,article,linked in registry,33834177,10.1016/s2666/5247(20)30011/2,https://doi.org/10.1016/s2666/5247(20)30011/2,2008-06-20,TRUE,TRUE,TRUE,TRUE,FALSE,FALSE,TRUE ,article,linked in registry,33834177,10.1016/s2666/5247(20)30011/2,https://www.thelancet.com/journals/lanmic/article/PIIS2666/5247(20)30011/2/fulltext,08-06-2020,
NCT00810849,NAH,article,linked in registry,25178809,10.1056/NEJMoa1407380,https://www.nejm.org/doi/10.1056/NEJMoa1407380?url_ver=Z39.88/2003&rfr_id=ori:rid:crossref.org&rfr_dat=cr_pub%20%200www.ncbi.nlm.nih.gov,18-09-2014,SSY,article,linked in registry,25178809,10.1056/nejmoa1407380,https://doi.org/10.1056/nejmoa1407380,2001-09-14,TRUE,TRUE,TRUE,FALSE,FALSE,FALSE,TRUE ,article,linked in registry,25178809,10.1056/NEJMoa1407380,https://www.nejm.org/doi/10.1056/NEJMoa1407380?url_ver=Z39.88/2003&rfr_id=ori:rid:crossref.org&rfr_dat=cr_pub%20%200www.ncbi.nlm.nih.gov,18-09-2014,
NCT01288950,NAH,article,google search / trial number,25582182,10.3109/09637486.2014.992006,https://www.tandfonline.com/doi/full/10.3109/09637486.2014.992006,13-01-2015,SSY,article,google search / trial number,25582182,10.3109/2F09637486.2014.992006,https://doi.org/10.3109/2F09637486.2014.992006,13-01-2015,TRUE,TRUE,TRUE,FALSE,FALSE,FALSE,TRUE ,article,google search / trial number,25582182,10.3109/09637486.2014.992006,https://www.tandfonline.com/doi/full/10.3109/09637486.2014.992006,13-01-2015,
NCT02349841,NAH,no paper,NA,NA,NA,NA,NA,SSY,no paper,NA,NA,NA,NA,NA,TRUE,TRUE,TRUE,TRUE,TRUE,TRUE,TRUE ,no paper,,,,,,
NCT02533089,NAH,article,linked in registry,33308257,10.1186/s13012/020/01067/y,https://implementationscience.biomedcentral.com/articles/10.1186/s13012/020/01067/y,2012-11-20,SSY,article,linked in registry,27604571,10.1186/s13063/016/1563/2,https://doi.org/10.1186/s13063/016/1563/2,2007-09-16,TRUE,TRUE,FALSE,FALSE,FALSE,FALSE,FALSE,article,linked in registry,33308257,10.1186/s13012/020/01067/y,https://implementationscience.biomedcentral.com/articles/10.1186/s13012/020/01067/y,11-12-2020,
NCT01098474,NAH,article,google search / trial number,25305000,10.1016/j.tube.2014.07.001,https://www.sciencedirect.com/science/article/pii/S1472979214204227?via%3Dihub,2008-09-14,SSY,article,linked in registry,25305000,10.1016/j.tube.2014.07.001,https://doi.org/10.1016/j.tube.2014.07.001,2009-08-14,TRUE,FALSE,TRUE,TRUE,FALSE,FALSE,TRUE ,article,linked in registry,25305000,10.1016/j.tube.2014.07.001,https://doi.org/10.1016/j.tube.2014.07.001,09-08-2014,
NCT01545661,NAH,article,linked in registry,24429245,10.1016/S2213/2600(13)70120/6,https://www.thelancet.com/journals/lanres/article/PIIS2213/2600(13)70120/6/abstract,19-07-2013,SSY,article,linked in registry,24429245,10.1016/s2213/2600(13)70120/6,https://doi.org/10.1016/s2213/2600(13)70120/6,19-07-2013,TRUE,TRUE,TRUE,FALSE,FALSE,FALSE,TRUE ,article,linked in registry,24429245,10.1016/S2213/2600(13)70120/6,https://www.thelancet.com/journals/lanres/article/PIIS2213/2600(13)70120/6/abstract,19-07-2013,
NCT02768909,NAH,no paper,NA,NA,NA,NA,NA,SSY,no paper,NA,NA,NA,NA,NA,TRUE,TRUE,TRUE,TRUE,TRUE,TRUE,TRUE ,no paper,,,,,,
NCT02536768,NAH,no paper,NA,NA,NA,NA,NA,SSY,article,linked in registry,31335865,10.1371/journal.pmed.1002874,https://doi.org/10.1371/journal.pmed.1002874,23-07-2019,FALSE,FALSE,FALSE,FALSE,FALSE,FALSE,FALSE,article,linked in registry,31335865,10.1371/journal.pmed.1002874,https://doi.org/10.1371/journal.pmed.1002874,23-07-2019,
NCT01459120,NAH,article,linked in registry,25513807,10.1371/journal.pmed.1001768,https://journals.plos.org/plosmedicine/article?id=10.1371/journal.pmed.1001768,16-12-2014,SSY,article,linked in registry,25513807,10.1371/journal.pmed.1001768,https://pubmed.ncbi.nlm.nih.gov/25513807/,16-12-2014,TRUE,TRUE,TRUE,TRUE,FALSE,FALSE,TRUE ,article,linked in registry,25513807,10.1371/journal.pmed.1001768,,16-12-2014,
NCT01841541,NAH,no paper,NA,NA,NA,NA,NA,SSY,no paper,NA,NA,NA,NA,NA,TRUE,TRUE,TRUE,TRUE,TRUE,TRUE,TRUE ,no paper,,,,,,
NCT02953847,NAH,article,google search / trial number,29663959,10.5588/ijtld.17.0697,https://www.ingentaconnect.com/content/iuatld/ijtld/2018/00000022/00000005/art00013;jsessionid=2bhj71s7gwyap.x/ic/live/02,2005-01-18,SSY,article,google search / trial number,29663959,10.5588/2Fijtld.17.0697,https://www.ncbi.nlm.nih.gov/pmc/articles/PMC5905389/,2001-05-18,TRUE,TRUE,TRUE,FALSE,FALSE,FALSE,TRUE ,article,google search / trial number,29663959,10.5588/ijtld.17.0697,https://www.ingentaconnect.com/content/iuatld/ijtld/2018/00000022/00000005/art00013;jsessionid=2bhj71s7gwyap.x/ic/live/02,01-05-2018,
NCT01130311,NAH,article,linked in registry,23331510,10.1186/1471/2334/13/22,https://bmcinfectdis.biomedcentral.com/articles/10.1186/1471/2334/13/22,19-01-2013,SSY,article,linked in registry,23331510,10.1186/1471/2334/13/22,https://pubmed.ncbi.nlm.nih.gov/23331510/,19-01-2013,TRUE,TRUE,TRUE,TRUE,FALSE,FALSE,TRUE ,article,linked in registry,23331510,10.1186/1471/2334/13/22,,19-01-2013,
NCT00771498,NAH,no paper,NA,NA,NA,NA,NA,SSY,article,linked in registry,NA,10.4172/2155/6113.1000358,https://www.arca.fiocruz.br/handle/icict/33381,2008-10-14,FALSE,FALSE,TRUE,FALSE,FALSE,FALSE,FALSE,article,google search / PI + intervention,,10.4172/2155/6113.1000358,,08-10-2014,
NCT01154959,NAH,no paper,NA,NA,NA,NA,NA,SSY,article,linked in registry,25363329,https://doi.org/10.1111/imm.12421,https://pubmed.ncbi.nlm.nih.gov/25363329/,2001-04-15,FALSE,FALSE,FALSE,FALSE,FALSE,FALSE,FALSE,no paper,,,,,,check once
NCT03027154,NAH,no paper,NA,NA,NA,NA,NA,SSY,article,google search / PI + intervention,37180124,10.3389/2Ffimmu.2023.1162177,https://doi.org/10.3389/2Ffimmu.2023.1162177,25-04-2023,FALSE,FALSE,FALSE,FALSE,FALSE,FALSE,FALSE,no paper,,,,,,
NCT01380119,NAH,article,linked in registry,23782489,10.4161/hv.25280,https://www.tandfonline.com/doi/full/10.4161/hv.25280#d1e741,19-06-2013,SSY,article,linked in registry,23782489,10.4161/hv.25280,https://doi.org/10.4161/hv.25280,19-06-2013,TRUE,TRUE,TRUE,TRUE,FALSE,FALSE,TRUE ,article,linked in registry,23782489,10.4161/hv.25280,,,
NCT01802502,NAH,no paper,NA,NA,NA,NA,NA,SSY,no paper,NA,NA,NA,NA,NA,TRUE,TRUE,TRUE,TRUE,TRUE,TRUE,TRUE ,no paper,,,,,,
NCT00698386,NAH,no paper,NA,NA,NA,NA,NA,SSY,no paper,NA,NA,NA,NA,NA,TRUE,TRUE,TRUE,TRUE,TRUE,TRUE,TRUE ,no paper,,,,,,
NCT02114684,NAH,article,linked in registry,30809633,10.1093/cid/ciz152,https://academic.oup.com/cid/article/70/1/90/5365529?login=true,27-02-2019,SSY,article,linked in registry,30809633,10.1093/cid/ciz152,https://doi.org/10.1093/cid/ciz152,2001-01-20,TRUE,TRUE,TRUE,TRUE,FALSE,FALSE,TRUE ,article,linked in registry,30809633,10.1093/cid/ciz152,,01-01-2020,
NCT01800487,NAH,article,linked in registry,26400476,10.1186/s12906/015/0861/7,https://bmccomplementmedtherapies.biomedcentral.com/articles/10.1186/s12906/015/0861/7,23-09-2015,SSY,article,linked in registry,26400476,10.1186/s12906/015/0861/7,https://doi.org/10.1186/s12906/015/0861/7,23-09-2015,TRUE,TRUE,TRUE,TRUE,FALSE,FALSE,TRUE ,article,linked in registry,26400476,10.1186/s12906/015/0861/7,,23-09-2015,
NCT00608790,NAH,article,linked in registry,25022447,10.1007/s10096/014/2198/4,https://link.springer.com/article/10.1007/s10096/014/2198/4,15-07-2014,SSY,article,linked in registry,25022447,10.1007/s10096/014/2198/4,https://doi.org/10.1007/s10096/014/2198/4,15-07-2014,TRUE,TRUE,TRUE,TRUE,FALSE,FALSE,TRUE ,article,linked in registry,25022447,10.1007/s10096/014/2198/4,,15-07-2014,
NCT01979900,NAH,no paper,NA,NA,NA,NA,NA,SSY,no paper,NA,NA,NA,NA,NA,TRUE,TRUE,TRUE,TRUE,TRUE,TRUE,TRUE ,no paper,,,,,,
NCT02378207,NAH,article,linked in registry,32382714,10.1016/j.eclinm.2020.100313,https://www.thelancet.com/journals/eclinm/article/PIIS2589/5370(20)30057/2/fulltext,18-03-2020,SSY,article,linked in registry,32382714,10.1016/j.eclinm.2020.100313,https://doi.org/10.1016/j.eclinm.2020.100313,18-03-2020,TRUE,TRUE,TRUE,TRUE,FALSE,FALSE,TRUE ,article,linked in registry,32382714,10.1016/j.eclinm.2020.100313,,18-03-2020,
NCT01693224,NAH,no paper,NA,NA,NA,NA,NA,SSY,article,linked in registry,32382714,10.1016/2Fj.eclinm.2020.100313,https://doi.org/10.1016/2Fj.eclinm.2020.100313,18-03-2020,FALSE,FALSE,FALSE,FALSE,FALSE,FALSE,TRUE ,no paper,,,,,,duplicated
NCT02169570,NAH,no paper,NA,NA,NA,NA,NA,SSY,no paper,NA,NA,NA,NA,NA,TRUE,TRUE,TRUE,TRUE,TRUE,TRUE,TRUE ,no paper,,,,,,
NCT01136161,NAH,article,linked in registry,24586912,10.1371/journal.pone.0089612,https://journals.plos.org/plosone/article?id=10.1371/journal.pone.0089612,26-02-2014,SSY,article,linked in registry,24586912,10.1371/journal.pone.0089612,https://doi.org/10.1371/journal.pone.0089612,26-02-2014,TRUE,TRUE,TRUE,TRUE,FALSE,FALSE,TRUE ,article,linked in registry,24586912,10.1371/journal.pone.0089612,,26-02-2014,
NCT00972699,NAH,article,linked in registry,24465444,10.1371/journal.pone.0084867,https://journals.plos.org/plosone/article?id=10.1371/journal.pone.0084867,22-01-2014,SSY,article,linked in registry,21535876,https://doi.org/10.1186/1742/4755/8/9,https://pubmed.ncbi.nlm.nih.gov/21535876/,2002-05-11,TRUE,TRUE,FALSE,FALSE,FALSE,FALSE,FALSE,article,linked in registry,21535876,https://doi.org/10.1186/1742/4755/8/9,,02-05-2011,
NCT02060006,NAH,no paper,NA,NA,NA,NA,NA,SSY,no paper,NA,NA,NA,NA,NA,TRUE,TRUE,TRUE,TRUE,TRUE,TRUE,TRUE ,no paper,,,,,,
NCT02627209,NAH,article,linked in registry,26879979,10.1186/s12886/016/0194/4,https://bmcophthalmol.biomedcentral.com/articles/10.1186/s12886/016/0194/4,16-02-2016,SSY,article,linked in registry,26879979,10.1186/s12886/016/0194/4,https://doi.org/10.1186/s12886/016/0194/4,16-02-2016,TRUE,TRUE,TRUE,TRUE,FALSE,FALSE,TRUE ,article,linked in registry,26879979,10.1186/s12886/016/0194/4,,16-02-2016,
NCT03918226,NAH,article,google search / PI + intervention,32036817,10.29271/jcpsp.2020.02.129,https://www.jcpsp.pk/archive/2020/Feb2020/04.pdf,2002-01-20,SSY,article,google search / PI + intervention,32036817,10.29271/jcpsp.2020.02.129,https://doi.org/10.29271/jcpsp.2020.02.129,2001-02-20,TRUE,TRUE,TRUE,TRUE,FALSE,FALSE,TRUE ,article,google search / PI + intervention,32036817,10.29271/jcpsp.2020.02.129,,01-02-2020,
NCT02075203,NAH,article,google search / PI + intervention,29996082,10.1056/NEJMoa1714021,https://www.nejm.org/doi/10.1056/NEJMoa1714021?url_ver=Z39.88/2003&rfr_id=ori:rid:crossref.org&rfr_dat=cr_pub%20%200www.ncbi.nlm.nih.gov,2007-11-18,SSY,article,linked in registry,26048780,10.1016/j.vaccine.2015.05.036,https://pubmed.ncbi.nlm.nih.gov/26048780/,NA,TRUE,FALSE,FALSE,FALSE,FALSE,FALSE,FALSE,article,google search / PI + intervention,29996082,10.1056/NEJMoa1714021,,11-07-2018,
NCT02391415,NAH,article,linked in registry,35772447,10.1016/S1473/3099(22)00222/5,https://www.thelancet.com/journals/laninf/article/PIIS1473/3099(22)00222/5/abstract,27-06-2022,SSY,article,linked in registry,35772447,10.1016/S1473/3099(22)00222/5,https://pubmed.ncbi.nlm.nih.gov/35772447/,NA,TRUE,TRUE,TRUE,TRUE,FALSE,FALSE,TRUE ,article,linked in registry,35772447,10.1016/S1473/3099(22)00222/5,,27-06-2022,
NCT00507000,NAH,no paper,NA,NA,NA,NA,NA,SSY,no paper,NA,NA,NA,NA,NA,TRUE,TRUE,TRUE,TRUE,TRUE,TRUE,TRUE ,no paper,,,,,,
NCT00677339,NAH,article,linked in registry,23967066,10.1371/journal.pone.0070032,https://journals.plos.org/plosone/article?id=10.1371/journal.pone.0070032,14-08-2013,SSY,article,linked in registry,23967066,10.1371/journal.pone.0070032,https://pubmed.ncbi.nlm.nih.gov/23967066/,NA,TRUE,TRUE,TRUE,TRUE,FALSE,FALSE,TRUE ,article,linked in registry,23967066,10.1371/journal.pone.0070032,,14-08-2013,
NCT02389322,NAH,article,linked in registry,34021314,10.1093/cid/ciab472,https://academic.oup.com/cid/article/74/4/668/6280234?login=false,22-05-2021,SSY,no paper,NA,NA,NA,https://pubmed.ncbi.nlm.nih.gov/34021314/,NA,FALSE,FALSE,FALSE,FALSE,FALSE,FALSE,FALSE,article,linked in registry,34021314,10.1093/cid/ciab472,https://academic.oup.com/cid/article/74/4/668/6280234?login=false,22-05-2021,
NCT00850915,NAH,no paper,NA,NA,NA,NA,NA,SSY,no paper,NA,NA,NA,NA,NA,TRUE,TRUE,TRUE,TRUE,TRUE,TRUE,TRUE ,no paper,,,,,,
NCT01521364,NAH,article,linked in registry,23520311,10.1183/09031936.00001913,https://erj.ersjournals.com/content/42/6/1614.long,21-03-2013,SSY,article,linked in registry,23520311,10.1183/09031936.00001913,https://pubmed.ncbi.nlm.nih.gov/23520311/,NA,TRUE,TRUE,TRUE,TRUE,FALSE,FALSE,TRUE ,article,linked in registry,23520311,10.1183/09031936.00001913,,21-03-2013,
NCT00990990,NAH,no paper,NA,NA,NA,NA,NA,SSY,no paper,NA,NA,NA,NA,NA,TRUE,TRUE,TRUE,TRUE,TRUE,TRUE,TRUE ,no paper,,,,,,
NCT02175134,NAH,no paper,NA,NA,NA,NA,NA,SSY,no paper,NA,NA,NA,NA,NA,TRUE,TRUE,TRUE,TRUE,TRUE,TRUE,TRUE ,no paper,,,,,,
NCT01162486,NAH,article,linked in registry,24614283,10.1128/AAC.01918/13,https://journals.asm.org/doi/10.1128/aac.01918/13?url_ver=Z39.88/2003&rfr_id=ori%3Arid%3Acrossref.org&rfr_dat=cr_pub++0pubmed,14-05-2014,SSY,article,linked in registry,24614383,10.1128/AAC.01918/13,https://www.ncbi.nlm.nih.gov/pmc/articles/PMC4068478/,NA,TRUE,TRUE,FALSE,FALSE,FALSE,FALSE,TRUE ,article,linked in registry,24614383,10.1128/AAC.01918/13,https://www.ncbi.nlm.nih.gov/pmc/articles/PMC4068478/,10-03-2014,
NCT02778828,NAH,no paper,NA,NA,NA,NA,NA,SSY,article,google search / PI + intervention,26719846,10.1093/ofid/ofv175,https://pubmed.ncbi.nlm.nih.gov/26719846/,NA,FALSE,FALSE,FALSE,FALSE,FALSE,FALSE,FALSE,article,google search / PI + intervention,26719846,10.1093/ofid/ofv175,,22-12-2015,
NCT01011543,NAH,no paper,NA,NA,NA,NA,NA,SSY,no paper,NA,NA,NA,NA,NA,TRUE,TRUE,TRUE,TRUE,TRUE,TRUE,TRUE ,no paper,,,,,,
NCT02090374,NAH,no paper,NA,NA,NA,NA,NA,SSY,no paper,NA,NA,NA,NA,NA,TRUE,TRUE,TRUE,TRUE,TRUE,TRUE,TRUE ,no paper,,,,,,
NCT01181856,NAH,article,linked in registry,23266342,10.1016/j.vaccine.2012.12.042,https://www.sciencedirect.com/science/article/abs/pii/S0264410X12018270?via%3Dihub,21-12-2012,SSY,article,linked in registry,23266342,10.1016/j.vaccine.2012.12.042,https://pubmed.ncbi.nlm.nih.gov/23266342/,NA,TRUE,TRUE,TRUE,TRUE,FALSE,FALSE,TRUE ,article,linked in registry,23266342,10.1016/j.vaccine.2012.12.042,,21-12-2012,
NCT01242475,NAH,no paper,NA,NA,NA,NA,NA,SSY,no paper,NA,NA,NA,NA,NA,TRUE,TRUE,TRUE,TRUE,TRUE,TRUE,TRUE ,no paper,,,,,,
NCT02861768,NAH,no paper,NA,NA,NA,NA,NA,SSY,no paper,NA,NA,NA,NA,NA,TRUE,TRUE,TRUE,TRUE,TRUE,TRUE,TRUE ,no paper,,,,,,
NCT01135043,NAH,article,linked in registry,24200273,10.5588/ijtld.13.0336,https://www.ingentaconnect.com/content/iuatld/ijtld/2013/00000017/00000012/art00015;jsessionid=11kgf3x2cfvsx.x/ic/live/01,2012-01-13,SSY,article,linked in registry,24200273,10.5588/ijtld.13.0336,https://pubmed.ncbi.nlm.nih.gov/24200273/,NA,TRUE,TRUE,TRUE,TRUE,FALSE,FALSE,TRUE ,article,linked in registry,24200273,10.5588/ijtld.13.0336,,01-12-2013,
NCT00811343,NAH,article,linked in registry,22258485,10.1136/annrheumdis/2011/200408,https://ard.bmj.com/content/71/11/1783.long,17-01-2012,SSY,article,linked in registry,22258485,10.1136/annrheumdis/2011/200408,https://pubmed.ncbi.nlm.nih.gov/22258485/,NA,TRUE,TRUE,TRUE,TRUE,FALSE,FALSE,TRUE ,article,linked in registry,22258485,10.1136/annrheumdis/2011/200408,,17-01-2012,
NCT01156623,NAH,no paper,NA,NA,NA,NA,NA,SSY,article,google search / PI + intervention,28920289,10.1111/j.1759/7714.2011.00093.x,https://pubmed.ncbi.nlm.nih.gov/28920289/,NA,FALSE,FALSE,FALSE,FALSE,FALSE,FALSE,FALSE,article,google search / PI + intervention,28920289,10.1111/j.1759/7714.2011.00093.x,https://pubmed.ncbi.nlm.nih.gov/28920289/,14-11-2011,
NCT03363178,NAH,no paper,NA,NA,NA,NA,NA,SSY,no paper,NA,NA,NA,NA,NA,TRUE,TRUE,TRUE,TRUE,TRUE,TRUE,TRUE ,no paper,,,,,,
NCT03010111,NAH,article,google search / PI + intervention,30635600,10.1038/s41598/018/37319/7,https://www.nature.com/articles/s41598/018/37319/7,2001-11-19,SSY,no paper,NA,NA,NA,NA,NA,FALSE,FALSE,FALSE,FALSE,FALSE,FALSE,FALSE,article,google search / PI + intervention,30635600,10.1038/s41598/018/37319/7,,11-01-2019,
NCT01690403,NAH,no paper,NA,NA,NA,NA,NA,SSY,no paper,NA,NA,NA,NA,NA,TRUE,TRUE,TRUE,TRUE,TRUE,TRUE,TRUE ,no paper,,,,,,
NCT02467608,NAH,no paper,NA,NA,NA,NA,NA,SSY,no paper,NA,NA,NA,NA,NA,TRUE,TRUE,TRUE,TRUE,TRUE,TRUE,TRUE ,no paper,,,,,,
NCT00866190,NAH,no paper,NA,NA,NA,NA,NA,SSY,no paper,NA,NA,NA,NA,NA,TRUE,TRUE,TRUE,TRUE,TRUE,TRUE,TRUE ,no paper,,,,,,
NCT02365623,NAH,no paper,NA,NA,NA,NA,NA,SSY,no paper,NA,NA,NA,NA,NA,TRUE,TRUE,TRUE,TRUE,TRUE,TRUE,TRUE ,no paper,,,,,,
NCT02393586,NAH,article,linked in registry,28333342,10.1093/jac/dkx081,https://academic.oup.com/jac/article/72/7/2012/3074669?login=true,18-03-2017,SSY,article,google search / trial number,28333342,10.1093/jac/dkx081,https://pubmed.ncbi.nlm.nih.gov/28333342/,NA,TRUE,FALSE,TRUE,TRUE,FALSE,FALSE,TRUE ,article,linked in registry,28333342,10.1093/jac/dkx081,,18-03-2017,
NCT01798095,NAH,no paper,NA,NA,NA,NA,NA,SSY,no paper,NA,NA,NA,NA,NA,TRUE,TRUE,TRUE,TRUE,TRUE,TRUE,TRUE ,no paper,,,,,,
NCT01730664,NAH,no paper,NA,NA,NA,NA,NA,SSY,article,google search / PI + intervention,29439978,10.1128/AAC.02250/17,https://www.ncbi.nlm.nih.gov/pmc/articles/PMC5923177/,NA,FALSE,FALSE,FALSE,FALSE,FALSE,FALSE,FALSE,article,google search / PI + intervention,29439978,10.1128/AAC.02250/17,,26-04-2018,
NCT00992069,NAH,article,google search / PI + intervention,22126739,10.1097/QAI.0b013e3182410503,"https://journals.lww.com/jaids/abstract/2012/04150/safety,_tolerability,_and_pharmacokinetic.5.aspx",15-04-2012,SSY,article,google search / trial number,22126739,10.1097/QAI.0b013e3182410503,https://www.ncbi.nlm.nih.gov/pmc/articles/PMC3302922/,NA,TRUE,FALSE,TRUE,TRUE,FALSE,FALSE,TRUE ,article,google search / trial number,22126739,10.1097/QAI.0b013e3182410503,,15-04-2012,
NCT01960257,NAH,article,linked in registry,31584944,10.1371/journal.pmed.1002891,https://journals.plos.org/plosmedicine/article?id=10.1371/journal.pmed.1002891,2010-04-19,SSY,article,linked in registry,31584944,10.1371/journal.pmed.1002891,https://pubmed.ncbi.nlm.nih.gov/31584944/,NA,TRUE,TRUE,TRUE,TRUE,FALSE,FALSE,TRUE ,article,linked in registry,31584944,10.1371/journal.pmed.1002891,,04-10-2019,
NCT02076139,NAH,article,google search / PI + intervention,28182700,10.1371/journal.pone.0171294,https://journals.plos.org/plosone/article?id=10.1371/journal.pone.0171294,2002-09-17,SSY,article,google search / trial number,28182700,10.1371/journal.pone.0171294,https://www.ncbi.nlm.nih.gov/pmc/articles/PMC5300153/,NA,TRUE,FALSE,FALSE,TRUE,FALSE,FALSE,TRUE ,article,google search / PI + intervention,28182700,10.1371/journal.pone.0171294,https://journals.plos.org/plosone/article?id=10.1371/journal.pone.0171294,09-02-2017,
NCT01214993,NAH,article,google search / PI + intervention,22905856,10.1111/j.1365/2125.2012.04440.x,https://bpspubs.onlinelibrary.wiley.com/doi/10.1111/j.1365/2125.2012.04440.x,20-08-2012,SSY,article,google search / PI + intervention,22905856,10.1111/j.1365/2125.2012.04440.x,https://pubmed.ncbi.nlm.nih.gov/22905856/,NA,TRUE,TRUE,TRUE,TRUE,FALSE,FALSE,TRUE ,article,google search / PI + intervention,22905856,10.1111/j.1365/2125.2012.04440.x,,20-08-2012,
NCT00793702,NAH,article,linked in registry,20593018,10.1371/journal.pone.0011277,https://journals.plos.org/plosone/article?id=10.1371/journal.pone.0011277,25-06-2010,SSY,article,linked in registry,20593018,10.1371/journal.pone.0011277,https://pubmed.ncbi.nlm.nih.gov/20593018/,NA,TRUE,TRUE,TRUE,TRUE,FALSE,FALSE,TRUE ,article,linked in registry,20593018,10.1371/journal.pone.0011277,,25-06-2010,
NCT01497769,NAH,article,linked in registry,25151225,10.1016/S1473/3099(14)70845/X,https://www.thelancet.com/journals/laninf/article/PIIS1473/3099(14)70845/X/fulltext,20-08-2014,SSY,article,linked in registry,25151225,10.1016/S1473/3099(14)70845/X,https://pubmed.ncbi.nlm.nih.gov/25151225/,NA,TRUE,TRUE,TRUE,TRUE,FALSE,FALSE,TRUE ,article,linked in registry,25151225,10.1016/S1473/3099(14)70845/X,,20-08-2014,
NCT01832987,NAH,article,linked in registry,27067336,10.1128/AAC.02175/15,https://journals.asm.org/doi/10.1128/aac.02175/15?url_ver=Z39.88/2003&rfr_id=ori%3Arid%3Acrossref.org&rfr_dat=cr_pub++0pubmed,20-06-2016,SSY,article,linked in registry,27067336,10.1128/AAC.02175/15,https://www.ncbi.nlm.nih.gov/pmc/articles/PMC4914613/,NA,TRUE,TRUE,TRUE,FALSE,FALSE,FALSE,TRUE ,article,linked in registry,27067336,10.1128/AAC.02175/15,,20-06-2016,
NCT01436929,NAH,article,google search / PI + intervention,28747959,10.4046/trd.2017.80.3.265,https://www.e/trd.org/journal/view.php?doi=10.4046/trd.2017.80.3.265,2007-03-17,SSY,article,google search / PI + intervention,28747959,10.4046/trd.2017.80.3.265,https://e/trd.org/journal/view.php?doi=10.4046/trd.2017.80.3.265,NA,TRUE,TRUE,TRUE,FALSE,FALSE,FALSE,TRUE ,article,google search / PI + intervention,28747959,10.4046/trd.2017.80.3.265,,03-07-2017,
NCT02602509,NAH,article,google search / PI + intervention,30202030,10.1038/s41598/018/31590/4,https://www.nature.com/articles/s41598/018/31590/4,2009-10-18,SSY,article,google search / trial number,30202030,10.1038/s41598/018/31590/4,https://pubmed.ncbi.nlm.nih.gov/30202030/,NA,TRUE,FALSE,TRUE,TRUE,FALSE,FALSE,TRUE ,article,google search / PI + intervention,30202030,10.1038/s41598/018/31590/4,,10-09-2018,
NCT02088892,NAH,article,linked in registry,26450421,10.1093/infdis/jiv482,https://academic.oup.com/jid/article/213/5/824/2459246?login=false,2010-08-15,SSY,article,linked in registry,26450421,10.1093/infdis/jiv482,https://www.ncbi.nlm.nih.gov/pmc/articles/PMC4747614/,NA,TRUE,TRUE,TRUE,FALSE,FALSE,FALSE,TRUE ,article,linked in registry,26450421,10.1093/infdis/jiv482,,01-03-2016,
NCT01868464,NAH,article,google search / trial number,38019956,10.1093/infdis/jiad441,https://academic.oup.com/jid/article/229/5/1498/7451203?login=true,29-11-2023,SSY,article,linked in registry,38019956,10.1093/infdis/jiad441,https://pubmed.ncbi.nlm.nih.gov/38019956/,NA,TRUE,FALSE,TRUE,TRUE,FALSE,FALSE,TRUE ,article,google search / trial number,38019956,10.1093/infdis/jiad441,,29-11-2023,
