doi,best_oa_location,oa_locations,oa_locations_embargoed,data_standard,is_oa,is_paratext,genre,oa_status,has_repository_copy,journal_is_oa,journal_is_in_doaj,journal_issns,journal_issn_l,journal_name,publisher,published_date,year,title,updated_resource,authors
10.5539/gjhs.v7n1p115,,,,2,TRUE,FALSE,journal-article,hybrid,TRUE,FALSE,FALSE,"1916-9744,1916-9736",1916-9736,Global Journal of Health Science,Canadian Center of Science and Education,2014-08-14,2014,The Effect of 8 Weeks Aerobic Exercise on Insulin Resistance in Type 2 Diabetes: A Randomized Clinical Trial,2023-03-25T10:17:09.492026,
10.5539/gjhs.v8n4p68,,,,2,TRUE,FALSE,journal-article,hybrid,TRUE,FALSE,FALSE,"1916-9744,1916-9736",1916-9736,Global Journal of Health Science,Canadian Center of Science and Education,2015-07-31,2015,The Effects of Balance Training on Static and Dynamic Postural Stability Indices After Acute ACL Reconstruction,2023-06-28T15:00:55.357429,
10.7189/jogh.12.04015,,,,2,TRUE,FALSE,journal-article,gold,TRUE,TRUE,TRUE,"2047-2978,2047-2986",2047-2978,Journal of Global Health,International Global Health Society,2022-02-18,2022,Effects of Vitamin D supplementation on resolution of fever and cough in children with pulmonary tuberculosis: A randomized double-blind controlled trial in Indonesia,2023-03-22T02:33:48.817958,
10.1080/16549716.2023.2203541,,,,2,TRUE,FALSE,journal-article,gold,TRUE,TRUE,TRUE,"1654-9716,1654-9880",1654-9880,Global Health Action,Informa UK Limited,2023-05-11,2023,Trial-based economic evaluation of the system-integrated activation of community health volunteers in rural Ghana,2023-06-28T08:32:52.914529,
10.1016/s2214-109x(23)00068-2,,,,2,TRUE,FALSE,journal-article,green,TRUE,TRUE,TRUE,2214-109X,2214-109X,The Lancet Global Health,Elsevier BV,2023-05-01,2023,Digital adherence technologies to improve tuberculosis treatment outcomes in China: a cluster-randomised superiority trial,2023-09-15T09:41:16.163156,
10.1016/s2214-109x(23)00052-9,,,,2,TRUE,FALSE,journal-article,green,TRUE,TRUE,TRUE,2214-109X,2214-109X,The Lancet Global Health,Elsevier BV,2023-04-01,2023,Trial-of-antibiotics to assist tuberculosis diagnosis in symptomatic adults in Malawi (ACT-TB study): a randomised controlled trial,2024-07-01T08:45:39.741394,
10.1080/17441692.2021.1947343,,,,2,TRUE,FALSE,journal-article,green,TRUE,FALSE,FALSE,"1744-1692,1744-1706",1744-1692,Global Public Health,Informa UK Limited,2021-07-01,2021,Norms and sexual relations among adolescents in the context of an intervention trial in rural Zambia,2024-05-04T21:48:46.964202,
10.1016/s2214-109x(23)00430-8,,,,1,TRUE,FALSE,journal-article,gold,FALSE,TRUE,TRUE,2214-109X,2214-109X,The Lancet Global Health,Elsevier BV,2023-12-01,2023,Effectiveness of a community-based approach for the investigation and management of children with household tuberculosis contact in Cameroon and Uganda: a cluster-randomised trial,1042-01-01T00:00:00,
10.1136/bmjgh-2021-005599,,,,2,TRUE,FALSE,journal-article,gold,TRUE,TRUE,TRUE,2059-7908,2059-7908,BMJ Global Health,BMJ,2021-08-01,2021,A cluster randomised trial of cookstove interventions to improve infant health in Ghana,2024-07-19T19:42:46.735775,
10.1016/s2214-109x(23)00324-8,,,,2,TRUE,FALSE,journal-article,gold,FALSE,TRUE,TRUE,2214-109X,2214-109X,The Lancet Global Health,Elsevier BV,2023-09-01,2023,"Nutritional support for adult patients with microbiologically confirmed pulmonary tuberculosis: outcomes in a programmatic cohort nested within the RATIONS trial in Jharkhand, India",2024-04-02T11:53:29.049667,
10.1017/gmh.2021.27,,,,2,TRUE,FALSE,journal-article,gold,TRUE,TRUE,TRUE,2054-4251,2054-4251,Global Mental Health,Cambridge University Press (CUP),2021-01-01,2021,A randomized-controlled trial of community-based transdiagnostic psychotherapy for veterans and internally displaced persons in Ukraine,2023-03-28T22:45:36.746940,
10.1177/17579759221091194,,,,2,FALSE,FALSE,journal-article,closed,FALSE,FALSE,FALSE,"1757-9759,1757-9767",1757-9759,Global Health Promotion,SAGE Publications,2022-06-19,2022,Promoting maternal self efficacy and paternal attitudes towards breastfeeding: a randomized controlled trial,2022-06-20T21:02:06.993316,
10.5539/gjhs.v6n7p103,,,,2,TRUE,FALSE,journal-article,hybrid,TRUE,FALSE,FALSE,"1916-9744,1916-9736",1916-9736,Global Journal of Health Science,Canadian Center of Science and Education,2014-09-18,2014,"Randomized, Placebo-Controlled Clinical Trial of Omega-3 as Supplemental Treatment in Schizophrenia",2023-06-23T03:12:07.359582,
10.5539/gjhs.v6n7p44,,,,2,TRUE,FALSE,journal-article,hybrid,TRUE,FALSE,FALSE,"1916-9744,1916-9736",1916-9736,Global Journal of Health Science,Canadian Center of Science and Education,2014-09-18,2014,The Effect of Tamsulosin in the Medical Treatment of Distal Ureteral Stones,2023-03-30T06:34:01.259539,
10.1017/gmh.2023.66,,,,2,TRUE,FALSE,journal-article,gold,TRUE,TRUE,TRUE,2054-4251,2054-4251,Cambridge Prisms: Global Mental Health,Cambridge University Press (CUP),2023-01-01,2023,"School-based universal mental health promotion intervention for adolescents in Vietnam: Two-arm, parallel, controlled trial",2023-12-12T22:27:13.441184,
10.1186/s12992-023-00910-3,,,,2,TRUE,FALSE,journal-article,gold,TRUE,TRUE,TRUE,1744-8603,1744-8603,Globalization and Health,Springer Science and Business Media LLC,2023-01-26,2023,The 18-month efficacy of an Intensive LifeStyle Modification Program (ILSM) to reduce type 2 diabetes risk among rural women: a cluster randomized controlled trial,2023-03-26T14:31:43.580660,
10.1371/journal.pgph.0002552,,,,2,TRUE,FALSE,journal-article,gold,TRUE,TRUE,TRUE,2767-3375,2767-3375,PLOS Global Public Health,Public Library of Science (PLoS),2023-11-03,2023,Hearing aid trial periods: Audiologists’ thoughts and practices in South Africa,2023-12-24T00:00:30.137199,
10.1016/s2214-109x(22)00432-6,,,,2,FALSE,FALSE,journal-article,closed,FALSE,FALSE,FALSE,2214-109X,2214-109X,The Lancet Global Health,Elsevier BV,2022-12-01,2022,"Influenza vaccine to reduce adverse vascular events in patients with heart failure: a multinational randomised, double-blind, placebo-controlled trial",2023-09-16T07:17:40.396388,
10.1080/17441692.2022.2125998,,,,2,TRUE,FALSE,journal-article,green,TRUE,FALSE,FALSE,"1744-1692,1744-1706",1744-1692,Global Public Health,Informa UK Limited,2022-10-02,2022,Doing ‘reciprocity work’: The role of fieldworkers in a mass drug administration trial in the Gambia,2023-03-24T04:31:02.808140,
10.1186/s12992-022-00819-3,,,,2,TRUE,FALSE,journal-article,gold,TRUE,TRUE,TRUE,1744-8603,1744-8603,Globalization and Health,Springer Science and Business Media LLC,2022-03-05,2022,Implementation of a non-randomized controlled trial of yoga-based intervention to reduce behavioural issues in early adolescent school-going children in Sri Lanka,2023-07-28T19:02:08.448544,
10.1016/s2214-109x(23)00204-8,,,,2,TRUE,FALSE,journal-article,gold,TRUE,TRUE,TRUE,2214-109X,2214-109X,The Lancet Global Health,Elsevier BV,2023-08-01,2023,Effectiveness and safety of intermittent preventive treatment with dihydroartemisinin–piperaquine or artesunate–amodiaquine for reducing malaria and related morbidities in schoolchildren in Tanzania: a randomised controlled trial,2023-09-03T14:10:30.484146,
10.1136/bmjgh-2023-012633,,,,2,TRUE,FALSE,journal-article,gold,TRUE,TRUE,TRUE,2059-7908,2059-7908,BMJ Global Health,BMJ,2023-10-01,2023,A cluster-randomised controlled equivalence trial of the Surprise Soap handwashing intervention among older children living in a refugee settlement in Sudan,2023-12-02T16:15:40.750753,
10.1136/bmjgh-2023-012613,,,,2,TRUE,FALSE,journal-article,gold,TRUE,TRUE,TRUE,2059-7908,2059-7908,BMJ Global Health,BMJ,2023-10-01,2023,Human-centred design bolsters vaccine confidence in the Philippines: results of a randomised controlled trial,2023-12-11T03:12:49.913956,
10.5539/gjhs.v6n6p281,,,,2,TRUE,FALSE,journal-article,hybrid,TRUE,FALSE,FALSE,"1916-9744,1916-9736",1916-9736,Global Journal of Health Science,Canadian Center of Science and Education,2014-09-23,2014,"The Impact of Reality Therapy on Metacognition, Stress and Hope in Addicts",2023-03-24T23:32:23.008455,
10.1371/journal.pgph.0001947,,,,2,TRUE,FALSE,journal-article,gold,TRUE,TRUE,TRUE,2767-3375,2767-3375,PLOS Global Public Health,Public Library of Science (PLoS),2023-06-16,2023,Cluster randomized trial of influenza vaccination in patients with acute heart failure in China: A mixed-methods feasibility study,2024-07-24T07:59:36.813795,
10.5334/aogh.2496,,,,2,TRUE,FALSE,journal-article,gold,TRUE,TRUE,TRUE,2214-9996,2214-9996,Annals of Global Health,"Ubiquity Press, Ltd.",2019-07-12,2019,Personalized E-Coaching in Cardiovascular Risk Reduction: A Randomized Controlled Trial,2024-06-19T18:17:10.265156,
10.5539/gjhs.v5n4p217,,,,2,TRUE,FALSE,journal-article,hybrid,TRUE,FALSE,FALSE,"1916-9744,1916-9736",1916-9736,Global Journal of Health Science,Canadian Center of Science and Education,2013-06-17,2013,The Estimation of Active Social Network Size of the Iranian Population,2023-03-30T05:59:09.938951,
10.1186/s41256-018-0090-y,,,,2,TRUE,FALSE,journal-article,gold,TRUE,TRUE,TRUE,2397-0642,2397-0642,Global Health Research and Policy,Springer Science and Business Media LLC,2018-12-01,2018,Health insurance and social capital in Ghana: a cluster randomised controlled trial,2024-06-27T13:05:03.277790,
10.7189/jogh.09.010431,,,,2,TRUE,FALSE,journal-article,gold,TRUE,TRUE,TRUE,"2047-2978,2047-2986",2047-2978,Journal of Global Health,International Global Health Society,2019-05-12,2019,"Child development, growth and microbiota: follow-up of a randomized education trial in Uganda",2024-06-17T22:16:36.292687,
10.1016/s2214-109x(21)00309-0,,,,2,TRUE,FALSE,journal-article,gold,TRUE,TRUE,TRUE,2214-109X,2214-109X,The Lancet Global Health,Elsevier BV,2021-10-01,2021,"BCG re-vaccination in Malawi: 30-year follow-up of a large, randomised, double-blind, placebo-controlled trial",2024-05-29T21:35:27.210705,
10.1136/bmjgh-2020-004328,,,,2,TRUE,FALSE,journal-article,gold,TRUE,TRUE,TRUE,2059-7908,2059-7908,BMJ Global Health,BMJ,2021-05-01,2021,The mortality effects of disregarding the strategy to save doses of measles vaccine: a cluster-randomised trial in Guinea-Bissau,2024-05-04T18:03:58.679205,
10.5539/gjhs.v6n6p144,,,,2,TRUE,FALSE,journal-article,hybrid,TRUE,FALSE,FALSE,"1916-9744,1916-9736",1916-9736,Global Journal of Health Science,Canadian Center of Science and Education,2014-07-29,2014,The Effects of Vitamin B1 on Ameliorating the Premenstrual Syndrome Symptoms,2023-03-25T12:43:42.517633,
10.1016/s2214-109x(23)00436-9,,,,2,TRUE,FALSE,journal-article,gold,TRUE,TRUE,TRUE,2214-109X,2214-109X,The Lancet Global Health,Elsevier BV,2023-12-01,2023,"Financial incentives for reduced alcohol use and increased isoniazid adherence during tuberculosis preventive therapy among people with HIV in Uganda: an open-label, factorial randomised controlled trial",2024-05-21T12:45:33.472446,
10.1136/bmjgh-2020-004596,,,,2,TRUE,FALSE,journal-article,gold,TRUE,TRUE,TRUE,2059-7908,2059-7908,BMJ Global Health,BMJ,2021-10-01,2021,‘Pneumonia has gone’: exploring perceptions of health in a cookstove intervention trial in rural Malawi,2023-03-25T12:56:21.219302,
10.1371/journal.pgph.0000493,,,,2,TRUE,FALSE,journal-article,gold,TRUE,TRUE,TRUE,2767-3375,2767-3375,PLOS Global Public Health,Public Library of Science (PLoS),2023-03-13,2023,"Economic evaluation of a cluster randomized, non-inferiority trial of differentiated service delivery models of HIV treatment in Zimbabwe",2024-06-25T10:50:44.374147,
10.1136/bmjgh-2021-008024,,,,2,TRUE,FALSE,journal-article,gold,TRUE,TRUE,TRUE,2059-7908,2059-7908,BMJ Global Health,BMJ,2022-05-01,2022,Scent dogs in detection of COVID-19: triple-blinded randomised trial and operational real-life screening in airport setting,2023-03-23T14:08:39.031993,
10.1136/bmjgh-2020-004555,,,,2,TRUE,FALSE,journal-article,gold,TRUE,TRUE,TRUE,2059-7908,2059-7908,BMJ Global Health,BMJ,2021-07-01,2021,A cluster randomised controlled trial to evaluate the impact of a gender transformative intervention on intimate partner violence against women in newly formed neighbourhood groups in Tanzania,2024-06-12T08:52:29.274169,
10.1136/bmjgh-2022-008909,,,,2,TRUE,FALSE,journal-article,gold,TRUE,TRUE,TRUE,2059-7908,2059-7908,BMJ Global Health,BMJ,2022-07-01,2022,"Effect of home-based childcare on childhood mortality in rural Maharashtra, India: a cluster randomised controlled trial",2023-12-10T16:54:47.438813,
10.1016/s2214-109x(21)00596-9,,,,2,TRUE,FALSE,journal-article,gold,TRUE,TRUE,TRUE,2214-109X,2214-109X,The Lancet Global Health,Elsevier BV,2022-04-01,2022,Village-integrated eye workers for prevention of corneal ulcers in Nepal (VIEW study): a cluster-randomised controlled trial,2024-04-12T04:14:22.743284,
10.5539/gjhs.v13n6p69,,,,2,TRUE,FALSE,journal-article,gold,TRUE,TRUE,FALSE,"1916-9744,1916-9736",1916-9736,Global Journal of Health Science,Canadian Center of Science and Education,2021-05-08,2021,The Financial Lives and Capabilities of Women Engaged in Sex Work: Can Paradoxical Autonomy Inform Intervention Strategies?,2023-06-04T09:39:31.148046,
10.5539/gjhs.v7n3p161,,,,2,TRUE,FALSE,journal-article,hybrid,TRUE,FALSE,FALSE,"1916-9744,1916-9736",1916-9736,Global Journal of Health Science,Canadian Center of Science and Education,2014-11-26,2014,The Impact of Depression and Malnutrition on Health-Related Quality of Life Among the Elderly Iranians,2023-06-24T18:22:39.751865,
10.1136/bmjgh-2021-007862,,,,2,TRUE,FALSE,journal-article,gold,TRUE,TRUE,TRUE,2059-7908,2059-7908,BMJ Global Health,BMJ,2022-04-01,2022,The effects of text reminders on the use of family planning services: evidence from a randomised controlled trial in urban Mozambique,2024-07-25T04:27:50.779399,
10.1017/gmh.2015.12,,,,2,TRUE,FALSE,journal-article,gold,TRUE,TRUE,TRUE,2054-4251,2054-4251,Global Mental Health,Cambridge University Press (CUP),2015-01-01,2015,Parents make the difference: a randomized-controlled trial of a parenting intervention in Liberia,2023-03-24T03:54:15.505925,
10.1016/s2214-109x(21)00409-5,,,,2,TRUE,FALSE,journal-article,green,TRUE,TRUE,TRUE,2214-109X,2214-109X,The Lancet Global Health,Elsevier BV,2022-01-01,2022,"Water, sanitation, and hygiene for control of trachoma in Ethiopia (WUHA): a two-arm, parallel-group, cluster-randomised trial",2022-08-15T13:53:24.333555,
10.5539/gjhs.v5n2p13,,,,2,TRUE,FALSE,journal-article,hybrid,TRUE,FALSE,FALSE,"1916-9744,1916-9736",1916-9736,Global Journal of Health Science,Canadian Center of Science and Education,2012-11-22,2012,The Effect of Dietary Supplements on the Quality of Life of Retired Professional Football Players,2024-02-28T15:59:20.072628,
10.5539/gjhs.v5n3p69,,,,2,TRUE,FALSE,journal-article,hybrid,TRUE,FALSE,FALSE,"1916-9744,1916-9736",1916-9736,Global Journal of Health Science,Canadian Center of Science and Education,2013-02-04,2013,Carnosine Treatment for Gulf War Illness: A Randomized Controlled Trial,2023-03-22T15:38:34.477007,
10.1155/2023/4295613,,,,2,TRUE,FALSE,journal-article,gold,TRUE,TRUE,TRUE,2054-4200,2054-4200,Global Health,Hindawi Limited,2023-03-31,2023,Effect of Educational Intervention on Knowledge and Level of Adherence among Hemodialysis Patients: A Randomized Controlled Trial,2023-04-17T23:08:30.302302,
10.5539/gjhs.v8n4p120,,,,2,TRUE,FALSE,journal-article,hybrid,TRUE,FALSE,FALSE,"1916-9744,1916-9736",1916-9736,Global Journal of Health Science,Canadian Center of Science and Education,2015-08-02,2015,The Association Between Postpartum Depression and Pica During Pregnancy,2023-06-26T07:39:48.739491,
10.5539/gjhs.v6n4p292,,,,2,TRUE,FALSE,journal-article,hybrid,TRUE,FALSE,FALSE,"1916-9744,1916-9736",1916-9736,Global Journal of Health Science,Canadian Center of Science and Education,2014-05-28,2014,Determination of specificity and sensitivity of Anti-RA 33 in diagnosis of early Rheumatoid arthritis,2023-03-23T18:50:55.082510,
10.7189/jogh.12.04073,,,,2,TRUE,FALSE,journal-article,gold,TRUE,TRUE,TRUE,"2047-2978,2047-2986",2047-2978,Journal of Global Health,International Society of Global Health,2022-12-29,2022,Effect of a quality improvement intervention for management of preterm births on outcomes of all births in Kenya and Uganda: A secondary analysis from a facility-based cluster randomized trial,2024-03-31T10:00:55.758539,
10.1371/journal.pgph.0001129,,,,2,TRUE,FALSE,journal-article,gold,TRUE,TRUE,TRUE,2767-3375,2767-3375,PLOS Global Public Health,Public Library of Science (PLoS),2022-10-27,2022,Understanding mechanisms of impact from community-led delivery of HIV self-testing: Mediation analysis of a cluster-randomised trial in Malawi,2023-03-31T04:14:22.995046,
10.1177/2333794x221099266,,,,2,TRUE,FALSE,journal-article,gold,TRUE,TRUE,TRUE,"2333-794X,2333-794X",2333-794X,Global Pediatric Health,SAGE Publications,2022-01-01,2022,Effect of Zinc Supplementation in Children Less Than 5 Years on Diarrhea Attacks: A Randomized Controlled Trial,2023-06-05T13:08:57.649439,
10.1136/bmjgh-2021-007206,,,,2,TRUE,FALSE,journal-article,gold,TRUE,TRUE,TRUE,2059-7908,2059-7908,BMJ Global Health,BMJ,2022-09-01,2022,"The impact of financial incentives on HIV incidence among adolescent girls and young women in Eswatini: Sitakhela Likusasa, a cluster randomised trial",2023-03-26T13:26:18.514677,
10.1371/journal.pgph.0002559,,,,2,TRUE,FALSE,journal-article,gold,TRUE,TRUE,TRUE,2767-3375,2767-3375,PLOS Global Public Health,Public Library of Science (PLoS),2023-11-15,2023,Comparison of door-to-door and fixed-point delivery of azithromycin distribution for child survival in Niger: A cluster-randomized trial,2024-08-13T09:23:42.102432,
10.5539/gjhs.v5n1p150,,,,2,TRUE,FALSE,journal-article,hybrid,TRUE,FALSE,FALSE,"1916-9744,1916-9736",1916-9736,Global Journal of Health Science,Canadian Center of Science and Education,2012-11-11,2012,Comparison of Superficial Mycosis treatment using Butenafine and Bifonazole nitrate Clinical Efficacy,2023-12-01T23:00:07.017429,
10.1016/s2214-109x(21)00346-6,,,,2,TRUE,FALSE,journal-article,gold,TRUE,TRUE,TRUE,2214-109X,2214-109X,The Lancet Global Health,Elsevier BV,2021-11-01,2021,"Efficacy of typhoid conjugate vaccine in Nepal: final results of a phase 3, randomised, controlled trial",2023-11-13T21:51:11.142262,
10.5539/gjhs.v6n7p144,,,,2,TRUE,FALSE,journal-article,hybrid,TRUE,FALSE,FALSE,"1916-9744,1916-9736",1916-9736,Global Journal of Health Science,Canadian Center of Science and Education,2014-09-18,2014,Comparison of Local and Systemic Ciprofloxacin Ototoxicity in the Treatment of Chronic Media Otitis,2023-06-29T15:53:09.685407,
10.1016/s2214-109x(17)30217-6,,,,2,TRUE,FALSE,journal-article,gold,TRUE,TRUE,TRUE,2214-109X,2214-109X,The Lancet Global Health,Elsevier BV,2017-07-01,2017,Effect of community health clubs on child diarrhoea in western Rwanda: cluster-randomised controlled trial,2024-07-04T13:13:15.573954,
10.1016/s2214-109x(21)00448-4,,,,2,TRUE,FALSE,journal-article,gold,TRUE,TRUE,TRUE,2214-109X,2214-109X,The Lancet Global Health,Elsevier BV,2022-01-01,2022,"Effect of early treatment with fluvoxamine on risk of emergency care and hospitalisation among patients with COVID-19: the TOGETHER randomised, platform clinical trial",2024-08-31T04:54:00.716354,
10.1016/s2214-109x(21)00497-6,,,,2,TRUE,FALSE,journal-article,green,TRUE,TRUE,TRUE,2214-109X,2214-109X,The Lancet Global Health,Elsevier BV,2022-02-01,2022,"Intradermal administration of fractional doses of the inactivated poliovirus vaccine in a campaign: a pragmatic, open-label, non-inferiority trial in The Gambia",2024-07-12T12:48:09.408618,
10.1371/journal.pgph.0000425,,,,2,TRUE,FALSE,journal-article,gold,TRUE,TRUE,TRUE,2767-3375,2767-3375,PLOS Global Public Health,Public Library of Science (PLoS),2022-05-02,2022,Prevention and management of type 2 diabetes mellitus in Uganda and South Africa: Findings from the SMART2D pragmatic implementation trial,2023-10-04T02:50:57.129129,
10.1016/s2214-109x(21)00458-7,,,,2,TRUE,FALSE,journal-article,gold,FALSE,TRUE,TRUE,2214-109X,2214-109X,The Lancet Global Health,Elsevier BV,2022-01-01,2022,Effect of universal HIV testing and treatment on socioeconomic wellbeing in rural Kenya and Uganda: a cluster-randomised controlled trial,2022-11-21T00:52:05.911770,
10.5539/gjhs.v7n1p203,,,,2,TRUE,FALSE,journal-article,hybrid,TRUE,FALSE,FALSE,"1916-9744,1916-9736",1916-9736,Global Journal of Health Science,Canadian Center of Science and Education,2014-08-31,2014,Aloe Vera Gel and Cesarean Wound Healing; A Randomized Controlled Clinical Trial,2023-03-30T03:01:43.783233,
10.1017/gmh.2022.39,,,,2,TRUE,FALSE,journal-article,gold,TRUE,TRUE,TRUE,2054-4251,2054-4251,Global Mental Health,Cambridge University Press (CUP),2022-01-01,2022,Maintenance of intervention effects: long-term outcomes for participants in a group talk-therapy trial in the Democratic Republic of Congo,2023-03-30T05:19:56.699055,
10.1136/bmjgh-2021-006405,,,,2,TRUE,FALSE,journal-article,gold,TRUE,TRUE,TRUE,2059-7908,2059-7908,BMJ Global Health,BMJ,2022-01-01,2022,"Innovative, enhanced community management of non-hypoxaemic chest-indrawing pneumonia in 2–59-month-old children: a cluster-randomised trial in Africa and Asia",2023-03-30T18:58:55.974609,
10.1016/s2214-109x(22)00312-6,,,,2,TRUE,FALSE,journal-article,green,TRUE,TRUE,TRUE,2214-109X,2214-109X,The Lancet Global Health,Elsevier BV,2022-10-01,2022,"Comparison of the effectiveness and safety of treatment of incomplete second trimester abortion with misoprostol provided by midwives and physicians: a randomised, controlled, equivalence trial in Uganda",2024-06-05T18:45:01.592541,
10.1136/bmjgh-2022-008838,,,,2,TRUE,FALSE,journal-article,gold,TRUE,TRUE,TRUE,2059-7908,2059-7908,BMJ Global Health,BMJ,2022-07-01,2022,The impact of a direct to beneficiary mobile communication program on reproductive and child health outcomes: a randomised controlled trial in India,2023-05-09T21:35:46.565271,
10.1136/bmjgh-2021-006845,,,,2,TRUE,FALSE,journal-article,gold,TRUE,TRUE,TRUE,2059-7908,2059-7908,BMJ Global Health,BMJ,2022-01-01,2022,"Impact of community education on heat-related health outcomes and heat literacy among low-income communities in Karachi, Pakistan: a randomised controlled trial",2023-03-22T18:35:08.326829,
10.1016/s2214-109x(22)00117-6,,,,2,TRUE,FALSE,journal-article,gold,TRUE,TRUE,TRUE,2214-109X,2214-109X,The Lancet Global Health,Elsevier BV,2022-06-01,2022,"Human versus equine intramuscular antitoxin, with or without human intrathecal antitoxin, for the treatment of adults with tetanus: a 2 × 2 factorial randomised controlled trial",2023-03-29T01:00:27.578061,
10.1136/bmjgh-2017-000680,,,,2,TRUE,FALSE,journal-article,gold,TRUE,TRUE,TRUE,2059-7908,2059-7908,BMJ Global Health,BMJ,2020-09-01,2020,Effect of home-based newborn care on neonatal and infant mortality: a cluster randomised trial in India,2023-03-26T01:32:18.762983,
10.1016/s2214-109x(22)00544-7,,,,2,TRUE,FALSE,journal-article,gold,FALSE,TRUE,TRUE,2214-109X,2214-109X,The Lancet Global Health,Elsevier BV,2023-03-01,2023,"Secondary prevention with a structured semi-interactive stroke prevention package in INDIA (SPRINT INDIA): a multicentre, randomised controlled trial",2023-09-18T12:51:32.228736,
10.7189/jogh.11.04064,,,,2,TRUE,FALSE,journal-article,gold,TRUE,TRUE,TRUE,"2047-2978,2047-2986",2047-2978,Journal of Global Health,International Global Health Society,2021-10-09,2021,"Effect of a story-based, animated video to reduce added sugar consumption: A web-based randomized controlled trial",2023-03-30T09:42:29.879963,
10.1177/1757975918785563,,,,2,FALSE,FALSE,journal-article,closed,FALSE,FALSE,FALSE,"1757-9759,1757-9767",1757-9759,Global Health Promotion,SAGE Publications,2018-10-04,2018,A role for traditional doctors in health promotion: experience from a trial of HIV prevention in Botswana,2021-01-14T11:26:06.392428,
10.7189/jogh.12.04007,,,,2,TRUE,FALSE,journal-article,gold,TRUE,TRUE,TRUE,"2047-2978,2047-2986",2047-2978,Journal of Global Health,International Global Health Society,2022-02-05,2022,Teaching home-visitors to support responsive caregiving: A cluster randomized controlled trial of an online professional development program in Brazil,2023-03-22T12:40:47.140291,
10.1371/journal.pgph.0001801,,,,2,TRUE,FALSE,journal-article,gold,TRUE,TRUE,TRUE,2767-3375,2767-3375,PLOS Global Public Health,Public Library of Science (PLoS),2023-06-16,2023,"Impact of the WHO Safe Childbirth Checklist on safety culture among health workers: A randomized controlled trial in Aceh, Indonesia",2024-03-02T14:15:22.818716,
10.1136/bmjgh-2022-010370,,,,2,TRUE,FALSE,journal-article,gold,TRUE,TRUE,TRUE,2059-7908,2059-7908,BMJ Global Health,BMJ,2023-05-01,2023,Effect of a mobile app chatbot and an interactive small-group webinar on COVID-19 vaccine intention and confidence in Japan: a randomised controlled trial,2024-04-08T07:41:01.843058,
10.1136/bmjgh-2021-006084,,,,2,TRUE,FALSE,journal-article,gold,TRUE,TRUE,TRUE,2059-7908,2059-7908,BMJ Global Health,BMJ,2021-06-01,2021,Child health and the implementation of Community and District-management Empowerment for Scale-up (CODES) in Uganda: a randomised controlled trial,2024-03-02T02:29:13.736387,
10.1136/bmjgh-2022-010000,,,,2,TRUE,FALSE,journal-article,gold,TRUE,TRUE,TRUE,2059-7908,2059-7908,BMJ Global Health,BMJ,2022-11-01,2022,"Effect of kangaroo mother care initiated in community settings on financial risk protection of low-income households: a randomised controlled trial in Haryana, India",2023-12-01T04:29:51.455203,
10.1371/journal.pgph.0001545,,,,2,TRUE,FALSE,journal-article,gold,TRUE,TRUE,TRUE,2767-3375,2767-3375,PLOS Global Public Health,Public Library of Science (PLoS),2023-07-12,2023,Acceptability and feasibility of home and hospital follow-up in Burkina Faso and Guinea: A mixed-method study among patients of the COVID-19 Coverage-Africa clinical trial,2023-12-04T03:52:14.183382,
10.1371/journal.pgph.0001166,,,,2,TRUE,FALSE,journal-article,gold,TRUE,TRUE,TRUE,2767-3375,2767-3375,PLOS Global Public Health,Public Library of Science (PLoS),2022-10-14,2022,Comparing the usability of the World Health Organization’s conventional tuberculosis guidelines to the eTB recommendations map: A two-arm superiority randomised controlled trial,2023-03-28T10:54:38.990490,
10.5539/gjhs.v7n6p108,,,,2,TRUE,FALSE,journal-article,hybrid,TRUE,FALSE,FALSE,"1916-9744,1916-9736",1916-9736,Global Journal of Health Science,Canadian Center of Science and Education,2015-04-03,2015,"The Comparison of vaginal cream of mixing yogurt, honey and clotrimazole on symptoms of vaginal candidiasis",2023-03-27T23:33:38.072034,
10.1371/journal.pgph.0000056,,,,2,TRUE,FALSE,journal-article,gold,TRUE,TRUE,TRUE,2767-3375,2767-3375,PLOS Global Public Health,Public Library of Science (PLoS),2022-01-07,2022,"The impact of a demand-side sanitation and hygiene promotion intervention on sustained behavior change and health in Amhara, Ethiopia: A cluster-randomized trial",2023-03-23T20:32:46.919864,
10.1016/s2214-109x(22)00184-x,,,,2,TRUE,FALSE,journal-article,gold,TRUE,TRUE,TRUE,2214-109X,2214-109X,The Lancet Global Health,Elsevier BV,2022-07-01,2022,Mobile health school screening and telemedicine referral to improve access to specialty care in rural Alaska: a cluster- randomised controlled trial,2023-11-20T06:41:11.550875,
10.5539/gjhs.v8n1p150,,,,2,TRUE,FALSE,journal-article,hybrid,TRUE,FALSE,FALSE,"1916-9744,1916-9736",1916-9736,Global Journal of Health Science,Canadian Center of Science and Education,2015-05-17,2015,The Effect of Metacognitive Instruction on Problem Solving Skills in Iranian Students of Health Sciences,2023-03-25T14:50:34.348899,
10.1017/gmh.2022.54,,,,2,TRUE,FALSE,journal-article,gold,TRUE,TRUE,TRUE,2054-4251,2054-4251,Global Mental Health,Cambridge University Press (CUP),2022-01-01,2022,Cost-effectiveness of psychological intervention within services for depression delivered by primary care workers in Nepal: economic evaluation of a randomized control trial,2023-03-30T15:16:39.543559,
10.1371/journal.pgph.0000689,,,,2,TRUE,FALSE,journal-article,gold,TRUE,TRUE,TRUE,2767-3375,2767-3375,PLOS Global Public Health,Public Library of Science (PLoS),2023-03-07,2023,"Improving HIV stigma in the marginalized population in Khorramabad, Iran: A single-blinded randomized, controlled educational trial using role-playing and lecturing",2023-03-27T05:39:42.973897,
10.1177/2333794x231156055,,,,2,TRUE,FALSE,journal-article,gold,TRUE,TRUE,TRUE,"2333-794X,2333-794X",2333-794X,Global Pediatric Health,SAGE Publications,2023-01-01,2023,Effects of Two Different Doses of Ursodeoxycholic Acid on Indirect Hyperbilirubinemia in Neonates with Glucose-6-phosphate Dehydrogenase Deficiency Treated with Phototherapy: A Randomized Controlled Trial,2023-03-29T00:35:39.391815,
10.1017/gmh.2023.37,,,,2,TRUE,FALSE,journal-article,gold,TRUE,TRUE,TRUE,2054-4251,2054-4251,Cambridge Prisms: Global Mental Health,Cambridge University Press (CUP),2023-01-01,2023,"Mixed-methods evaluation of a group psychosocial intervention for refugee, migrant and host community women in Ecuador and Panamá: Results from the<i>Entre Nosotras</i>cluster randomized feasibility trial",2024-02-15T03:57:25.799231,
10.1177/2333794x211022238,,,,2,TRUE,FALSE,journal-article,gold,TRUE,TRUE,TRUE,"2333-794X,2333-794X",2333-794X,Global Pediatric Health,SAGE Publications,2021-01-01,2021,The effect of combined education on the knowledge and care and supportive performance of parents with children with cleft lip and palate: A clinical trial study,2023-10-19T02:48:41.962760,
10.1136/bmjgh-2019-001399,,,,2,TRUE,FALSE,journal-article,gold,TRUE,TRUE,TRUE,2059-7908,2059-7908,BMJ Global Health,BMJ,2019-07-01,2019,Effectiveness of intermittent screening and treatment for the control of malaria in pregnancy: a cluster randomised trial in India,2024-01-25T22:03:26.257641,
10.1080/16549716.2022.2160543,,,,2,TRUE,FALSE,journal-article,gold,TRUE,TRUE,TRUE,"1654-9716,1654-9880",1654-9880,Global Health Action,Informa UK Limited,2023-01-25,2023,"Effectiveness of peer-led education interventions on contraceptive use, unmet need, and demand among adolescent girls in Gedeo Zone, South Ethiopia. A cluster randomized controlled trial",2023-10-23T05:56:37.237259,
10.1136/bmjgh-2022-010934,,,,2,TRUE,FALSE,journal-article,gold,TRUE,TRUE,TRUE,2059-7908,2059-7908,BMJ Global Health,BMJ,2023-04-01,2023,Improving coverage of antenatal iron and folic acid supplementation and malaria prophylaxis through targeted information and home deliveries in Côte d’Ivoire: a cluster randomised controlled trial,2023-04-28T05:21:38.514647,
10.1371/journal.pgph.0001189,,,,2,TRUE,FALSE,journal-article,gold,TRUE,TRUE,TRUE,2767-3375,2767-3375,PLOS Global Public Health,Public Library of Science (PLoS),2022-12-09,2022,Cost-effectiveness of monthly follow-up for the treatment of uncomplicated severe acute malnutrition: An economic evaluation of a randomized controlled trial,2023-03-29T13:09:45.477898,
10.7189/jogh.12.04053,,,,2,TRUE,FALSE,journal-article,gold,TRUE,TRUE,TRUE,"2047-2978,2047-2986",2047-2978,Journal of Global Health,International Global Health Society,2022-08-17,2022,"Effectiveness of a complex, pre-conception intervention to reduce the risk of diabetes by reducing adiposity in young adults in Malaysia: The Jom Mama project – A randomised controlled trial",2023-04-21T01:20:35.693650,
10.5539/gjhs.v6n1p207,,,,2,TRUE,FALSE,journal-article,hybrid,TRUE,FALSE,FALSE,"1916-9744,1916-9736",1916-9736,Global Journal of Health Science,Canadian Center of Science and Education,2013-12-19,2013,"The Postoperative Analgesic Effect of Morphine and Paracetamol in the Patients Undergoing Laparotomy, Using PCA Method",2023-03-29T03:26:05.384553,
10.1080/16549716.2021.1940761,,,,2,TRUE,FALSE,journal-article,gold,TRUE,TRUE,TRUE,"1654-9716,1654-9880",1654-9880,Global Health Action,Informa UK Limited,2021-01-01,2021,Fuzzy-set qualitative comparative analysis of implementation outcomes in an integrated mental healthcare trial in South Africa,2023-06-27T06:54:39.545197,
10.1177/2333794x231152116,,,,2,TRUE,FALSE,journal-article,gold,TRUE,TRUE,TRUE,"2333-794X,2333-794X",2333-794X,Global Pediatric Health,SAGE Publications,2023-01-01,2023,Comparison of Therapeutic Effect and Safety of Oral and Rectal Use of Acetaminophen on Patent Ductus Arteriosus in Preterm Infants: Clinical Randomized Trial,2023-07-06T01:17:54.150231,
10.7189/jogh.13.04022,,,,2,TRUE,FALSE,journal-article,gold,TRUE,TRUE,TRUE,"2047-2978,2047-2986",2047-2978,Journal of Global Health,International Society of Global Health,2023-02-03,2023,Effectiveness of the maternal and child health handbook for improving continuum of care and other maternal and child health indicators: A cluster randomized controlled trial in Angola,2023-03-24T04:36:33.698573,
10.5539/gjhs.v6n2p196,,,,2,TRUE,FALSE,journal-article,hybrid,TRUE,FALSE,FALSE,"1916-9744,1916-9736",1916-9736,Global Journal of Health Science,Canadian Center of Science and Education,2014-01-20,2014,The Effects of Aerobic Exercise Training on Psychosocial Aspects of Men with Type 2 Diabetes Mellitus,2023-07-01T13:32:36.534111,
10.1017/gmh.2023.67,,,,2,TRUE,FALSE,journal-article,gold,TRUE,TRUE,TRUE,2054-4251,2054-4251,Cambridge Prisms: Global Mental Health,Cambridge University Press (CUP),2023-01-01,2023,"Community-based rehabilitation intervention for people with schizophrenia in Ethiopia (RISE) cluster-randomised controlled trial: An exploratory analysis of impact on food insecurity, underweight, alcohol use disorder and depressive symptoms",2023-10-26T06:08:02.603022,
10.1371/journal.pgph.0001196,,,,2,TRUE,FALSE,journal-article,gold,TRUE,TRUE,TRUE,2767-3375,2767-3375,PLOS Global Public Health,Public Library of Science (PLoS),2022-10-24,2022,"Planning and commitment prompts to encourage reporting of HIV self-test results: A cluster randomized pragmatic trial in Tshwane District, South Africa",2023-03-26T17:10:09.417125,
10.1371/journal.pgph.0001308,,,,2,TRUE,FALSE,journal-article,gold,TRUE,TRUE,TRUE,2767-3375,2767-3375,PLOS Global Public Health,Public Library of Science (PLoS),2022-12-20,2022,"Safety and immunogenicity of a reduced dose of the BNT162b2 mRNA COVID-19 vaccine (REDU-VAC): A single blind, randomized, non-inferiority trial",2023-05-02T20:26:52.035657,
10.1017/gmh.2022.41,,,,2,TRUE,FALSE,journal-article,gold,TRUE,TRUE,TRUE,2054-4251,2054-4251,Global Mental Health,Cambridge University Press (CUP),2022-01-01,2022,"Supporting addiction affected families effectively: a feasibility randomised controlled trial of a psychosocial intervention delivered by lay counsellors in Goa, India",2023-03-29T13:36:15.749988,
10.1371/journal.pgph.0001206,,,,2,TRUE,FALSE,journal-article,gold,TRUE,TRUE,TRUE,2767-3375,2767-3375,PLOS Global Public Health,Public Library of Science (PLoS),2022-11-04,2022,"Effect of Moringa Oleifera fortified porridge consumption on protein and vitamin A status of children with cerebral palsy in Nairobi, Kenya: A randomized controlled trial",2023-03-30T16:24:33.350879,
10.7189/jogh.12.04102,,,,2,TRUE,FALSE,journal-article,gold,TRUE,TRUE,TRUE,"2047-2978,2047-2986",2047-2978,Journal of Global Health,International Society of Global Health,2022-12-29,2022,Effectiveness of multi-modal cognitive behavioural therapy in improving mental well-being among caregivers of children with disabilities in urban Uganda: A cluster-randomized controlled trial,2023-03-21T11:14:31.570105,
10.1371/journal.pgph.0000344,,,,2,TRUE,FALSE,journal-article,gold,TRUE,TRUE,TRUE,2767-3375,2767-3375,PLOS Global Public Health,Public Library of Science (PLoS),2022-11-02,2022,Preliminary analysis of self-reported quality health indicators of patients on opioid agonist therapy at specialty and primary care clinics in Ukraine: A randomized control trial,2023-03-25T16:06:03.213082,
10.7189/jogh.12.04042,,,,2,TRUE,FALSE,journal-article,gold,TRUE,TRUE,TRUE,"2047-2978,2047-2986",2047-2978,Journal of Global Health,International Global Health Society,2022-05-21,2022,"Engaging women and men in the gender-synchronised, community-based Mbereko+Men intervention to improve maternal mental health and perinatal care-seeking in Manicaland, Zimbabwe: A cluster-randomised controlled pragmatic trial",2024-08-30T02:49:13.554090,
10.1016/s2214-109x(23)00347-9,,,,2,TRUE,FALSE,journal-article,green,TRUE,TRUE,TRUE,2214-109X,2214-109X,The Lancet Global Health,Elsevier BV,2023-10-01,2023,A cardiovascular polypill for secondary stroke prevention in a tertiary centre in Ghana (SMAART): a phase 2 randomised clinical trial,2023-11-09T00:41:35.895323,
10.1017/gmh.2019.15,,,,2,TRUE,FALSE,journal-article,gold,TRUE,TRUE,TRUE,2054-4251,2054-4251,Global Mental Health,Cambridge University Press (CUP),2019-01-01,2019,Effectiveness of non-medical health worker-led counselling on psychological distress: a randomized controlled trial in rural Nepal,2023-09-17T02:04:43.532627,
10.5539/gjhs.v8n9p91,,,,2,TRUE,FALSE,journal-article,hybrid,TRUE,FALSE,FALSE,"1916-9744,1916-9736",1916-9736,Global Journal of Health Science,Canadian Center of Science and Education,2016-01-04,2016,The Effect of Stress Management on Occupational Stress and Satisfaction among Midwives in Obstetrics and Gynecology Hospital Wards in Iran,2023-03-27T13:25:05.792377,
10.7189/jogh.13.04133,,,,2,TRUE,FALSE,journal-article,gold,TRUE,TRUE,TRUE,"2047-2978,2047-2986",2047-2978,Journal of Global Health,International Society of Global Health,2023-10-27,2023,"Efficacy of personalised text message intervention in reducing smoking frequency and amount for non-abstinent smokers: A double-blind, randomised controlled trial",2024-04-26T09:50:07.946819,
10.1371/journal.pgph.0001648,,,,2,TRUE,FALSE,journal-article,gold,TRUE,TRUE,TRUE,2767-3375,2767-3375,PLOS Global Public Health,Public Library of Science (PLoS),2023-07-20,2023,"Evidence from the first Shared Medical Appointments (SMAs) randomised controlled trial in India: SMAs increase the satisfaction, knowledge, and medication compliance of patients with glaucoma",2023-10-25T10:02:05.358010,
10.1371/journal.pgph.0001092,,,,2,TRUE,FALSE,journal-article,gold,TRUE,TRUE,TRUE,2767-3375,2767-3375,PLOS Global Public Health,Public Library of Science (PLoS),2023-02-15,2023,Preliminary effectiveness and implementation outcomes of the IMARA-South Africa sexual health intervention on adolescent girls and young women: A pilot randomized trial,2023-07-31T04:41:10.638587,
10.1371/journal.pgph.0000910,,,,2,TRUE,FALSE,journal-article,gold,TRUE,TRUE,TRUE,2767-3375,2767-3375,PLOS Global Public Health,Public Library of Science (PLoS),2023-12-11,2023,Does a school-based intervention increase girls’ sexual and reproductive health attitudes and intentions? Results from a mixed-methods cluster-randomized trial in Burkina Faso,2023-12-12T01:41:31.022296,
10.1371/journal.pgph.0001813,,,,2,TRUE,FALSE,journal-article,gold,TRUE,TRUE,TRUE,2767-3375,2767-3375,PLOS Global Public Health,Public Library of Science (PLoS),2023-12-05,2023,"The feasibility, acceptability, and preliminary impact of real-time monitors and SMS on tuberculosis medication adherence in southwestern Uganda: Findings from a mixed methods pilot randomized controlled trial",2024-04-11T22:11:48.443410,
10.7189/jogh.13.04017,,,,2,TRUE,FALSE,journal-article,gold,TRUE,TRUE,TRUE,"2047-2978,2047-2986",2047-2978,Journal of Global Health,International Society of Global Health,2023-02-03,2023,Effectiveness and cost-effectiveness of a group-based intervention to improve social-emotional development of young children in poverty-stricken areas: A cluster randomized controlled trial,2023-03-25T05:36:05.043833,
10.1371/journal.pgph.0001765,,,,2,TRUE,FALSE,journal-article,gold,TRUE,TRUE,TRUE,2767-3375,2767-3375,PLOS Global Public Health,Public Library of Science (PLoS),2023-04-19,2023,Simulated patient training to improve youth engagement in HIV care in Kenya: A stepped wedge cluster randomized controlled trial,2023-04-20T07:42:30.459097,
10.1016/s2214-109x(19)30534-0,,,,2,TRUE,FALSE,journal-article,gold,FALSE,TRUE,TRUE,2214-109X,2214-109X,The Lancet Global Health,Elsevier BV,2020-02-01,2020,Effect of facility-based HIV self-testing on uptake of testing among outpatients in Malawi: a cluster-randomised trial,2022-08-26T03:26:36.698119,
10.1016/s2214-109x(19)30393-6,,,,2,TRUE,FALSE,journal-article,gold,TRUE,TRUE,TRUE,2214-109X,2214-109X,The Lancet Global Health,Elsevier BV,2019-11-01,2019,Hepcidin-guided screen-and-treat interventions against iron-deficiency anaemia in pregnancy: a randomised controlled trial in The Gambia,2024-07-03T22:22:41.998003,
10.1186/s41256-021-00224-0,,,,2,TRUE,FALSE,journal-article,gold,TRUE,TRUE,TRUE,2397-0642,2397-0642,Global Health Research and Policy,Springer Science and Business Media LLC,2021-10-15,2021,Experiences with a violence and mental health safety protocol for a randomized controlled trial to support youth living with HIV,2023-03-23T14:06:01.197319,
10.5539/gjhs.v8n6p219,,,,2,TRUE,FALSE,journal-article,hybrid,TRUE,FALSE,FALSE,"1916-9744,1916-9736",1916-9736,Global Journal of Health Science,Canadian Center of Science and Education,2015-11-17,2015,The Effectiveness of Cognitive-Existential Group Therapy on Increasing Hope and Decreasing Depression in Women-Treated With Haemodialysis,2023-03-24T01:14:48.096134,
10.1136/bmjgh-2023-012606,,,,2,TRUE,FALSE,journal-article,gold,TRUE,TRUE,TRUE,2059-7908,2059-7908,BMJ Global Health,BMJ,2023-11-01,2023,"A youth-centred approach to improving engagement in HIV services: human-centred design methods and outcomes in a research trial in Kisumu County, Kenya",2023-11-30T09:15:04.783464,
10.5539/gjhs.v7n5p359,,,,2,TRUE,FALSE,journal-article,hybrid,TRUE,FALSE,FALSE,"1916-9744,1916-9736",1916-9736,Global Journal of Health Science,Canadian Center of Science and Education,2015-06-09,2015,"Comparison of Quetiapine and Risperidone in Treatment of Acute Psychosis: A Double-Blind, Randomized-Controlled Study",2023-06-28T01:39:45.351479,
10.1017/gmh.2023.81,,,,2,TRUE,FALSE,journal-article,gold,TRUE,TRUE,TRUE,2054-4251,2054-4251,Cambridge Prisms: Global Mental Health,Cambridge University Press (CUP),2023-01-01,2023,Developing knowledge-based psychotherapeutic competencies in non-specialist providers: A pre-post study with a nested randomised controlled trial of a coach-supported versus self-guided digital training course for a problem-solving psychological intervention in India,2024-06-14T17:32:39.384668,
10.1016/s2214-109x(19)30079-8,,,,2,TRUE,FALSE,journal-article,gold,TRUE,TRUE,TRUE,2214-109X,2214-109X,The Lancet Global Health,Elsevier BV,2019-07-01,2019,Efficacy of inactivated trivalent influenza vaccine in rural India: a 3-year cluster-randomised controlled trial,2023-06-26T22:31:03.801102,
10.3402/gha.v6i0.20993,,,,2,TRUE,FALSE,journal-article,gold,TRUE,TRUE,TRUE,"1654-9716,1654-9880",1654-9880,Global Health Action,Informa UK Limited,2013-07-17,2013,Design and methodology of a community-based cluster-randomized controlled trial for dietary behaviour change in rural Kerala,2023-03-26T14:27:14.480171,
10.1016/s2214-109x(21)00391-0,,,,2,TRUE,FALSE,journal-article,gold,TRUE,TRUE,TRUE,2214-109X,2214-109X,The Lancet Global Health,Elsevier BV,2021-12-01,2021,Integration of pre-exposure prophylaxis services into public HIV care clinics in Kenya: a pragmatic stepped-wedge randomised trial,2023-03-22T17:23:38.635167,
10.1136/bmjgh-2018-000983,,,,2,TRUE,FALSE,journal-article,gold,TRUE,TRUE,TRUE,2059-7908,2059-7908,BMJ Global Health,BMJ,2018-12-01,2018,The impact of reducing dietary aflatoxin exposure on child linear growth: a cluster randomised controlled trial in Kenya,2023-03-29T17:39:37.704960,
10.5539/gjhs.v8n10p112,,,,2,TRUE,FALSE,journal-article,hybrid,TRUE,FALSE,FALSE,"1916-9744,1916-9736",1916-9736,Global Journal of Health Science,Canadian Center of Science and Education,2016-02-24,2016,Efficacy of Eye Movements Desensitization and Reprocessing on the Quality of Life of the Patients with Myocardial Infarction,2022-04-26T06:40:05.036326,
10.1016/s2214-109x(20)30312-0,,,,2,TRUE,FALSE,journal-article,gold,TRUE,TRUE,TRUE,2214-109X,2214-109X,The Lancet Global Health,Elsevier BV,2020-11-01,2020,"Cytisine for smoking cessation in patients with tuberculosis: a multicentre, randomised, double-blind, placebo-controlled phase 3 trial",2023-04-28T06:50:25.196267,
10.5539/gjhs.v8n8p114,,,,2,TRUE,FALSE,journal-article,hybrid,TRUE,FALSE,FALSE,"1916-9744,1916-9736",1916-9736,Global Journal of Health Science,Canadian Center of Science and Education,2015-12-18,2015,Sleep Hygiene Pattern and Behaviors and Related Factors among General Population in West Of Iran,2024-05-06T18:56:17.701014,
10.1016/s2214-109x(21)00347-8,,,,2,TRUE,FALSE,journal-article,gold,TRUE,TRUE,TRUE,2214-109X,2214-109X,The Lancet Global Health,Elsevier BV,2021-11-01,2021,"Azithromycin for the prevention of rehospitalisation and death among Kenyan children being discharged from hospital: a double-blind, placebo-controlled, randomised controlled trial",2023-03-05T09:08:26.026479,
10.1177/2333794x19857402,,,,2,TRUE,FALSE,journal-article,gold,TRUE,TRUE,TRUE,"2333-794X,2333-794X",2333-794X,Global Pediatric Health,SAGE Publications,2019-01-01,2019,Clinical Evaluations Have Low Sensitivity for Identifying Preterm Infants in a Clinical Trial in a Limited Resource Setting,2023-12-02T20:19:33.591628,
10.1136/bmjgh-2018-000888,,,,2,TRUE,FALSE,journal-article,gold,TRUE,TRUE,TRUE,2059-7908,2059-7908,BMJ Global Health,BMJ,2018-10-01,2018,"Free contraception and behavioural nudges in the postpartum period: evidence from a randomised control trial in Nairobi, Kenya",2023-03-24T05:10:42.076440,
10.1136/bmjgh-2017-000577,,,,2,TRUE,FALSE,journal-article,gold,TRUE,TRUE,TRUE,2059-7908,2059-7908,BMJ Global Health,BMJ,2018-02-01,2018,Can lay health workers support the management of hypertension? Findings of a cluster randomised trial in South Africa,2024-04-02T19:27:09.535935,
10.1016/s2214-109x(21)00348-x,,,,2,TRUE,FALSE,journal-article,gold,TRUE,TRUE,TRUE,2214-109X,2214-109X,The Lancet Global Health,Elsevier BV,2021-11-01,2021,Selective laser trabeculoplasty versus 0·5% timolol eye drops for the treatment of glaucoma in Tanzania: a randomised controlled trial,2023-03-29T00:58:17.892350,
10.1016/s2214-109x(18)30111-6,,,,2,TRUE,FALSE,journal-article,gold,TRUE,TRUE,TRUE,2214-109X,2214-109X,The Lancet Global Health,Elsevier BV,2018-05-01,2018,"Oral doxycycline for the prevention of postoperative trachomatous trichiasis in Ethiopia: a randomised, double-blind, placebo-controlled trial",2024-04-01T17:27:15.152442,
10.5539/gjhs.v7n4p375,,,,2,TRUE,FALSE,journal-article,hybrid,TRUE,FALSE,FALSE,"1916-9744,1916-9736",1916-9736,Global Journal of Health Science,Canadian Center of Science and Education,2015-01-26,2015,Effect of Acupressure on Fatigue in Women With Multiple Sclerosis,2023-06-22T12:37:42.329317,
10.5539/gjhs.v8n2p230,,,,2,TRUE,FALSE,journal-article,hybrid,TRUE,FALSE,FALSE,"1916-9744,1916-9736",1916-9736,Global Journal of Health Science,Canadian Center of Science and Education,2015-06-25,2015,Effects of Education Based on Health Belief Model on Dietary Behaviors of Iranian Pregnant Women,2023-06-26T15:08:04.677009,
10.1136/bmjgh-2020-003508,,,,2,TRUE,FALSE,journal-article,gold,TRUE,TRUE,TRUE,2059-7908,2059-7908,BMJ Global Health,BMJ,2021-01-01,2021,Effect of a home-visiting parenting program to promote early childhood development and prevent violence: a cluster-randomized trial in Rwanda,2023-03-24T21:34:26.477581,
10.1016/s2214-109x(23)00271-1,,,,2,TRUE,FALSE,journal-article,gold,TRUE,TRUE,TRUE,2214-109X,2214-109X,The Lancet Global Health,Elsevier BV,2023-08-01,2023,Promoting early childhood development in Viet Nam: cost-effectiveness analysis alongside a cluster-randomised trial,2023-09-03T14:10:31.488202,
10.1136/bmjgh-2021-005757,,,,2,TRUE,FALSE,journal-article,gold,TRUE,TRUE,TRUE,2059-7908,2059-7908,BMJ Global Health,BMJ,2021-05-01,2021,"Parental and professional perceptions of informed consent and participation in a time-critical neonatal trial: a mixed-methods study in India, Sri Lanka and Bangladesh",2024-02-29T10:09:17.299256,
10.1016/s2214-109x(21)00002-4,,,,2,TRUE,FALSE,journal-article,gold,TRUE,TRUE,TRUE,2214-109X,2214-109X,The Lancet Global Health,Elsevier BV,2021-04-01,2021,"The Irie Classroom Toolbox, a universal violence-prevention teacher-training programme, in Jamaican preschools: a single-blind, cluster-randomised controlled trial",2023-10-02T22:10:19.897950,
10.1016/s2214-109x(21)00228-x,,,,2,TRUE,FALSE,journal-article,gold,TRUE,TRUE,TRUE,2214-109X,2214-109X,The Lancet Global Health,Elsevier BV,2021-09-01,2021,Effect of a multifaceted intervention to improve clinical quality of care through stepwise certification (SafeCare) in health-care facilities in Tanzania: a cluster-randomised controlled trial,2024-08-14T08:38:16.444172,
10.1016/s2214-109x(21)00039-5,,,,2,TRUE,FALSE,journal-article,gold,FALSE,TRUE,TRUE,2214-109X,2214-109X,The Lancet Global Health,Elsevier BV,2021-05-01,2021,"Multimonth dispensing of up to 6 months of antiretroviral therapy in Malawi and Zambia (INTERVAL): a cluster-randomised, non-blinded, non-inferiority trial",2021-07-18T02:32:13.687638,
10.5539/gjhs.v7n4p40,,,,2,TRUE,FALSE,journal-article,hybrid,TRUE,FALSE,FALSE,"1916-9744,1916-9736",1916-9736,Global Journal of Health Science,Canadian Center of Science and Education,2014-12-17,2014,Mood Changes by Self-Administered Acupressure in Japanese College Students: A Randomized Controlled Trial,2023-06-25T06:29:00.864113,
10.1136/bmjgh-2020-002439,,,,2,TRUE,FALSE,journal-article,gold,TRUE,TRUE,TRUE,2059-7908,2059-7908,BMJ Global Health,BMJ,2020-12-01,2020,Effective prevention of intimate partner violence through couples training: a randomised controlled trial of<i>Indashyikirwa</i>in Rwanda,2024-06-28T15:28:06.647875,
10.5539/gjhs.v7n6p129,,,,2,TRUE,FALSE,journal-article,hybrid,TRUE,FALSE,FALSE,"1916-9744,1916-9736",1916-9736,Global Journal of Health Science,Canadian Center of Science and Education,2015-04-03,2015,"Knowledge, Attitude and Practice of Nurses Regarding Organ Donation",2023-12-03T23:16:11.413069,
10.5539/gjhs.v4n2p110,,,,2,TRUE,FALSE,journal-article,hybrid,TRUE,FALSE,FALSE,"1916-9744,1916-9736",1916-9736,Global Journal of Health Science,Canadian Center of Science and Education,2012-02-29,2012,Impact of Family Planning Health Education on the Knowledge and Attitude among Yasoujian Women,2023-03-28T23:50:51.938919,
10.1371/journal.pgph.0000852,,,,2,TRUE,FALSE,journal-article,gold,TRUE,TRUE,TRUE,2767-3375,2767-3375,PLOS Global Public Health,Public Library of Science (PLoS),2022-08-11,2022,Collecting mortality data via mobile phone surveys: A non-inferiority randomized trial in Malawi,2024-07-23T20:55:15.817764,
10.1136/bmjgh-2019-002091,,,,2,TRUE,FALSE,journal-article,gold,TRUE,TRUE,TRUE,2059-7908,2059-7908,BMJ Global Health,BMJ,2020-07-01,2020,Safety decision-making and planning mobile app for intimate partner violence prevention and response: randomised controlled trial in Kenya,2023-03-25T16:09:06.526397,
10.5539/gjhs.v7n1p235,,,,2,TRUE,FALSE,journal-article,hybrid,TRUE,FALSE,FALSE,"1916-9744,1916-9736",1916-9736,Global Journal of Health Science,Canadian Center of Science and Education,2014-08-31,2014,Low Dose Furazolidone for Eradication of H- pylori Instead of Clarithromycin: A Clinical Trial,2023-07-01T20:42:07.748931,
10.1177/2333794x16636613,,,,2,TRUE,FALSE,journal-article,gold,TRUE,TRUE,TRUE,"2333-794X,2333-794X",2333-794X,Global Pediatric Health,SAGE Publications,2016-01-01,2016,A Randomized Controlled Trial Assessing Growth of Infants Fed a 100% Whey Extensively Hydrolyzed Formula Compared With a Casein-Based Extensively Hydrolyzed Formula,2023-03-26T12:51:36.697008,
10.5539/gjhs.v8n3p230,,,,2,TRUE,FALSE,journal-article,hybrid,TRUE,FALSE,FALSE,"1916-9744,1916-9736",1916-9736,Global Journal of Health Science,Canadian Center of Science and Education,2015-08-06,2015,The Effectiveness of Mindfulness-Based Cognitive Group Therapy on Marital Satisfaction and General Health in Woman With Infertility,2023-03-22T10:32:50.860238,
10.1136/bmjgh-2021-007205,,,,2,TRUE,FALSE,journal-article,gold,TRUE,TRUE,TRUE,2059-7908,2059-7908,BMJ Global Health,BMJ,2021-11-01,2021,Effect of mobile application user interface improvements on minimum expected home visit coverage by community health workers in Mali: a randomised controlled trial,2024-08-01T03:37:38.577845,
10.1136/bmjgh-2018-001232,,,,2,TRUE,FALSE,journal-article,gold,TRUE,TRUE,TRUE,2059-7908,2059-7908,BMJ Global Health,BMJ,2019-04-01,2019,Automated phone call and text reminders for childhood immunisations (PRIMM): a randomised controlled trial in Nigeria,2023-03-23T12:32:52.494891,
10.1136/bmjgh-2020-003357,,,,2,TRUE,FALSE,journal-article,gold,TRUE,TRUE,TRUE,2059-7908,2059-7908,BMJ Global Health,BMJ,2021-01-01,2021,Impact of mobile phone delivered reminders and unconditional incentives on measles-containing vaccine timeliness and coverage: a randomised controlled trial in western Kenya,2023-03-23T09:00:51.930630,
10.1017/gmh.2021.15,,,,2,TRUE,FALSE,journal-article,gold,TRUE,TRUE,TRUE,2054-4251,2054-4251,Global Mental Health,Cambridge University Press (CUP),2021-01-01,2021,Effect of a lay counselor-delivered integrated maternal mental health and early childhood development group-based intervention in Northern Ghana: a cluster-randomized controlled trial,2023-03-22T13:25:47.517308,
10.1136/bmjgh-2018-000907,,,,2,TRUE,FALSE,journal-article,gold,TRUE,TRUE,TRUE,2059-7908,2059-7908,BMJ Global Health,BMJ,2018-10-01,2018,Improving quality of care during childbirth in primary health centres: a stepped-wedge cluster-randomised trial in India,2023-03-26T14:58:49.620902,
10.5539/gjhs.v7n4p243,,,,2,TRUE,FALSE,journal-article,hybrid,TRUE,FALSE,FALSE,"1916-9744,1916-9736",1916-9736,Global Journal of Health Science,Canadian Center of Science and Education,2015-01-14,2015,Effects of Vitamin D Intake on FEV1 and COPD Exacerbation: A Randomized Clinical Trial Study,2023-06-22T20:06:08.655573,
10.5539/gjhs.v6n6p209,,,,2,TRUE,FALSE,journal-article,hybrid,TRUE,FALSE,FALSE,"1916-9744,1916-9736",1916-9736,Global Journal of Health Science,Canadian Center of Science and Education,2014-07-29,2014,Preventive Effect of Greater Occipital Nerve Block on Severity and Frequency of Migraine Headache,2023-06-29T10:30:46.152781,
10.1177/2333794x17694231,,,,2,TRUE,FALSE,journal-article,gold,TRUE,TRUE,TRUE,"2333-794X,2333-794X",2333-794X,Global Pediatric Health,SAGE Publications,2017-01-01,2017,A Pilot Randomized Controlled Clinical Trial to Assess Tolerance and Efficacy of Navy Bean and Rice Bran Supplementation for Lowering Cholesterol in Children,2023-03-26T15:34:31.157754,
10.1080/16549716.2020.1836604,,,,2,TRUE,FALSE,journal-article,gold,TRUE,TRUE,TRUE,"1654-9716,1654-9880",1654-9880,Global Health Action,Informa UK Limited,2020-11-03,2020,Right To Play’s intervention to reduce peer violence among children in public schools in Pakistan: a cluster-randomized controlled trial,2023-04-27T21:52:56.788222,
10.1136/bmjgh-2020-004269,,,,2,TRUE,FALSE,journal-article,gold,TRUE,TRUE,TRUE,2059-7908,2059-7908,BMJ Global Health,BMJ,2021-07-01,2021,Effect of door-to-door distribution of HIV self-testing kits on HIV testing and antiretroviral therapy initiation: a cluster randomised trial in Malawi,2023-03-23T20:35:39.064061,
10.1177/2333794x20954332,,,,2,TRUE,FALSE,journal-article,gold,TRUE,TRUE,TRUE,"2333-794X,2333-794X",2333-794X,Global Pediatric Health,SAGE Publications,2020-01-01,2020,"Clinical Response to Two Formulas in Infants with Parent-Reported Signs of Formula Intolerance: A Multi-Country, Double-Blind, Randomized Trial",2023-03-27T14:35:12.311931,
10.7189/jogh.11.04034,,,,2,TRUE,FALSE,journal-article,gold,TRUE,TRUE,TRUE,"2047-2978,2047-2986",2047-2978,Journal of Global Health,International Global Health Society,2021-06-05,2021,Structured and sustained family planning support facilitates effective use of postpartum contraception amongst women living with HIV in South Western Uganda: A randomized controlled trial,2023-03-23T23:00:17.569235,
10.7189/jogh.11.04063,,,,2,TRUE,FALSE,journal-article,gold,TRUE,TRUE,TRUE,"2047-2978,2047-2986",2047-2978,Journal of Global Health,International Global Health Society,2021-10-30,2021,Partnering faith leaders with community health workers increases utilization of antenatal care and facility delivery services in Ethiopia: A cluster randomized trial,2023-03-30T09:44:18.598182,
10.1016/s2214-109x(19)30345-6,,,,2,TRUE,FALSE,journal-article,gold,TRUE,TRUE,TRUE,2214-109X,2214-109X,The Lancet Global Health,Elsevier BV,2019-10-01,2019,Co-trimoxazole or multivitamin multimineral supplement for post-discharge outcomes after severe anaemia in African children: a randomised controlled trial,2023-11-28T13:00:28.750640,
10.1080/16549716.2019.1609297,,,,2,TRUE,FALSE,journal-article,gold,TRUE,TRUE,TRUE,"1654-9716,1654-9880",1654-9880,Global Health Action,Informa UK Limited,2019-01-01,2019,"Effect of enhanced reminders on postnatal clinic attendance in Addis Ababa, Ethiopia: a cluster randomized controlled trial",2023-03-26T14:01:19.425253,
10.5539/gjhs.v7n4p399,,,,2,TRUE,FALSE,journal-article,hybrid,TRUE,FALSE,FALSE,"1916-9744,1916-9736",1916-9736,Global Journal of Health Science,Canadian Center of Science and Education,2015-01-27,2015,"Lidocaine-Prilocaine Cream as Analgesia for IUD Insertion: A Prospective, Randomized, Controlled, Triple Blinded Study",2023-03-29T09:38:33.746951,
10.1080/16549716.2019.1711336,,,,2,TRUE,FALSE,journal-article,gold,TRUE,TRUE,TRUE,"1654-9716,1654-9880",1654-9880,Global Health Action,Informa UK Limited,2020-01-14,2020,Evaluation of the rural response system intervention to prevent violence against women: findings from a community-randomised controlled trial in the Central Region of Ghana,2023-03-30T08:07:48.000773,
10.1136/bmjgh-2020-003378,,,,2,TRUE,FALSE,journal-article,gold,TRUE,TRUE,TRUE,2059-7908,2059-7908,BMJ Global Health,BMJ,2020-11-01,2020,"Subsidise the test, the treatment or both? Results of an individually randomised controlled trial of the management of suspected malaria fevers in the retail sector in western Kenya",2023-03-26T14:51:57.276982,
10.1016/s2214-109x(21)00175-3,,,,2,TRUE,FALSE,journal-article,gold,TRUE,TRUE,TRUE,2214-109X,2214-109X,The Lancet Global Health,Elsevier BV,2021-07-01,2021,"Partner-delivered HIV self-test kits with and without financial incentives in antenatal care and index patients with HIV in Malawi: a three-arm, cluster-randomised controlled trial",2024-05-29T21:20:21.291561,
10.1016/s2214-109x(18)30563-1,,,,2,TRUE,FALSE,journal-article,gold,TRUE,TRUE,TRUE,2214-109X,2214-109X,The Lancet Global Health,Elsevier BV,2019-04-01,2019,Effect of Novartis Access on availability and price of non-communicable disease medicines in Kenya: a cluster-randomised controlled trial,2024-03-19T17:33:17.482617,
10.1371/journal.pgph.0002945,,,,2,TRUE,FALSE,journal-article,gold,TRUE,TRUE,TRUE,2767-3375,2767-3375,PLOS Global Public Health,Public Library of Science (PLoS),2024-02-23,2024,A individually randomized controlled trial comparing Healer-led vs. clinician- led training to improve personal protective equipment use among traditional healers in South Africa,2024-05-01T06:01:16.169903,
10.1136/bmjgh-2021-006954,,,,2,TRUE,FALSE,journal-article,gold,TRUE,TRUE,TRUE,2059-7908,2059-7908,BMJ Global Health,BMJ,2021-11-01,2021,Debunking highly prevalent health misinformation using audio dramas delivered by WhatsApp: evidence from a randomised controlled trial in Sierra Leone,2023-10-11T03:10:58.318110,
10.1016/s2214-109x(19)30205-0,,,,2,TRUE,FALSE,journal-article,gold,FALSE,TRUE,TRUE,2214-109X,2214-109X,The Lancet Global Health,Elsevier BV,2019-07-01,2019,Exercise intervention in the management of urinary incontinence in older women in villages in Bangladesh: a cluster randomised trial,2021-07-31T14:10:27.798117,
10.1136/bmjgh-2020-002806,,,,2,TRUE,FALSE,journal-article,gold,TRUE,TRUE,TRUE,2059-7908,2059-7908,BMJ Global Health,BMJ,2020-11-01,2020,Impact of a demand-side integrated WASH and nutrition community-based care group intervention on behavioural change: a randomised controlled trial in western Kenya,2023-03-26T16:17:22.575346,
10.1016/s2214-109x(20)30232-1,,,,2,TRUE,FALSE,journal-article,gold,TRUE,TRUE,TRUE,2214-109X,2214-109X,The Lancet Global Health,Elsevier BV,2020-08-01,2020,Effect of a quality improvement package for intrapartum and immediate newborn care on fresh stillbirth and neonatal mortality among preterm and low-birthweight babies in Kenya and Uganda: a cluster-randomised facility-based trial,2022-05-30T15:56:48.386053,
10.5539/gjhs.v7n3p358,,,,2,TRUE,FALSE,journal-article,hybrid,TRUE,FALSE,FALSE,"1916-9744,1916-9736",1916-9736,Global Journal of Health Science,Canadian Center of Science and Education,2015-04-02,2015,The Effect of Valeric on Anxiety Severity in Women Undergoing Hysterosalpingography,2023-03-29T17:56:10.579588,
10.5539/gjhs.v7n2p71,,,,2,TRUE,FALSE,journal-article,hybrid,TRUE,FALSE,FALSE,"1916-9744,1916-9736",1916-9736,Global Journal of Health Science,Canadian Center of Science and Education,2014-09-28,2014,"The Effect of Pelvic Muscle Exercises on Urinary Incontinency and Self-Esteem of Elderly Females With Stress Urinary Incontinency, 2013",2023-03-26T15:19:52.468506,
10.5539/gjhs.v4n5p14,,,,2,TRUE,FALSE,journal-article,hybrid,TRUE,FALSE,FALSE,"1916-9744,1916-9736",1916-9736,Global Journal of Health Science,Canadian Center of Science and Education,2012-06-30,2012,Reduction of Mean Arterial Pressure and Proteinuria by the Effect of ACEIs (Lisinopril) in Kurdish Hypertensive Patients in Hawler City,2023-03-25T01:21:07.661201,
10.5539/gjhs.v5n3p183,,,,2,TRUE,FALSE,journal-article,hybrid,TRUE,FALSE,FALSE,"1916-9744,1916-9736",1916-9736,Global Journal of Health Science,Canadian Center of Science and Education,2013-03-20,2013,Association of Dietary Vitamin C and E Intake and Antioxidant Enzymes in Type 2 Diabetes Mellitus Patients,2023-06-29T05:37:51.334413,
10.5539/gjhs.v8n5p154,,,,2,TRUE,FALSE,journal-article,hybrid,TRUE,FALSE,FALSE,"1916-9744,1916-9736",1916-9736,Global Journal of Health Science,Canadian Center of Science and Education,2015-09-28,2015,The Effect of Health Promoting Programs on Patient's Life Style After Coronary Artery Bypass Graft–Hospitalized in Shiraz Hospitals,2023-06-21T20:49:58.953582,
10.3402/gha.v8.24584,,,,2,TRUE,FALSE,journal-article,gold,TRUE,TRUE,TRUE,"1654-9716,1654-9880",1654-9880,Global Health Action,Informa UK Limited,2015-03-31,2015,Effect of the Uganda Newborn Study on care-seeking and care practices: a cluster-randomised controlled trial,2024-06-17T00:47:11.943165,
10.1136/bmjgh-2019-001666,,,,2,TRUE,FALSE,journal-article,gold,TRUE,TRUE,TRUE,2059-7908,2059-7908,BMJ Global Health,BMJ,2020-01-01,2020,"Impact of school-based malaria case management on school attendance, health and education outcomes: a cluster randomised trial in southern Malawi",2024-04-02T19:34:16.620368,
10.5539/gjhs.v6n6p163,,,,2,TRUE,FALSE,journal-article,hybrid,TRUE,FALSE,FALSE,"1916-9744,1916-9736",1916-9736,Global Journal of Health Science,Canadian Center of Science and Education,2014-07-29,2014,"Risperidone Versus Risperidone Plus Sodium Valproate for Treatment of Bipolar Disorders: A Randomized, Double-Blind Clinical-Trial",2023-06-30T18:55:37.025216,
10.1016/s2214-109x(19)30548-0,,,,2,TRUE,FALSE,journal-article,gold,FALSE,TRUE,TRUE,2214-109X,2214-109X,The Lancet Global Health,Elsevier BV,2020-03-01,2020,Effectiveness and cost-effectiveness of group support psychotherapy delivered by trained lay health workers for depression treatment among people with HIV in Uganda: a cluster-randomised trial,2021-02-04T14:43:43.957851,
10.5539/gjhs.v8n3p236,,,,2,TRUE,FALSE,journal-article,hybrid,TRUE,FALSE,FALSE,"1916-9744,1916-9736",1916-9736,Global Journal of Health Science,Canadian Center of Science and Education,2015-08-19,2015,Comparison of the Effects of Maternal Supportive Care and Acupressure (at BL32 Acupoint) on Labor Length and Infant’s Apgar Score,2023-03-25T12:44:13.187466,
10.1016/s2214-109x(20)30389-2,,,,2,TRUE,FALSE,journal-article,gold,TRUE,TRUE,TRUE,2214-109X,2214-109X,The Lancet Global Health,Elsevier BV,2020-12-01,2020,Effect of a mobile phone intervention for female sex workers on unintended pregnancy in Kenya (WHISPER or SHOUT): a cluster-randomised controlled trial,2023-10-05T04:12:14.940346,
10.1016/s2214-109x(20)30388-0,,,,2,TRUE,FALSE,journal-article,gold,FALSE,TRUE,TRUE,2214-109X,2214-109X,The Lancet Global Health,Elsevier BV,2020-12-01,2020,"Effect on mortality of increasing the cutoff blood glucose concentration for initiating hypoglycaemia treatment in severely sick children aged 1 month to 5 years in Malawi (SugarFACT): a pragmatic, randomised controlled trial",2021-09-10T07:56:36.170504,
10.1080/16549716.2020.1743496,,,,2,TRUE,FALSE,journal-article,gold,TRUE,TRUE,TRUE,"1654-9716,1654-9880",1654-9880,Global Health Action,Informa UK Limited,2020-06-11,2020,Adding video-debriefing to Helping-Babies-Breathe training enhanced retention of neonatal resuscitation knowledge and skills among health workers in Uganda: a cluster randomized trial,2023-12-12T10:27:58.616362,
10.5539/gjhs.v8n5p19,,,,2,TRUE,FALSE,journal-article,hybrid,TRUE,FALSE,FALSE,"1916-9744,1916-9736",1916-9736,Global Journal of Health Science,Canadian Center of Science and Education,2015-08-23,2015,Does Spousal Support Can Decrease Women's Premenstrual Syndrome Symptoms?,2023-03-26T05:32:29.891003,
10.1080/16549716.2019.1670033,,,,2,TRUE,FALSE,journal-article,gold,TRUE,TRUE,TRUE,"1654-9716,1654-9880",1654-9880,Global Health Action,Informa UK Limited,2019-01-01,2019,"Effectiveness of health promotion regarding diet and physical activity among Nepalese mothers and their young children: The Heart-health Associated Research, Dissemination, and Intervention in the Community (HARDIC) trial",2024-06-17T04:28:19.130585,
10.5539/gjhs.v5n1p1,,,,2,TRUE,FALSE,journal-article,hybrid,TRUE,FALSE,FALSE,"1916-9744,1916-9736",1916-9736,Global Journal of Health Science,Canadian Center of Science and Education,2012-10-16,2012,Translation and Validation of the Farage Quality of Life (FQoL™) Instrument for Consumer Products into Traditional Chinese,2023-03-24T07:27:24.261059,
10.7189/jogh.10.010414,,,,2,TRUE,FALSE,journal-article,gold,TRUE,TRUE,TRUE,"2047-2978,2047-2986",2047-2978,Journal of Global Health,International Society of Global Health,2020-05-15,2020,Topical emollient therapy in the management of severe acute malnutrition in children under two: A randomized controlled clinical trial in Bangladesh,2023-03-29T15:43:00.763057,
10.7189/jogh.08.010418,,,,2,TRUE,FALSE,journal-article,gold,TRUE,TRUE,TRUE,"2047-2978,2047-2986",2047-2978,Journal of Global Health,International Global Health Society,2018-04-20,2018,Zinc as an adjunct therapy in the management of severe pneumonia among Gambian children: randomized controlled trial,2024-06-17T21:40:04.860553,
10.5539/gjhs.v7n4p136,,,,2,TRUE,FALSE,journal-article,hybrid,TRUE,FALSE,FALSE,"1916-9744,1916-9736",1916-9736,Global Journal of Health Science,Canadian Center of Science and Education,2015-01-01,2015,Computer Literacy Among Students of Zahedan University of Medical Sciences,2023-06-27T05:25:47.293031,
10.5539/gjhs.v6n1p33,,,,2,TRUE,FALSE,journal-article,hybrid,TRUE,FALSE,FALSE,"1916-9744,1916-9736",1916-9736,Global Journal of Health Science,Canadian Center of Science and Education,2013-10-08,2013,The Effects of Behavioral Modification Based on Client Center Program to Health Behaviors among Obese University Students,2023-12-01T23:14:25.087145,
