"X","nct_id","last_update_submitted_date","registration_date","summary_results_date","study_type","phase","enrollment","recruitment_status","official_title","title","start_date","completion_date","primary_completion_date","has_summary_results","allocation","masking","main_sponsor","is_multicentric","category","country","region","trial_type"
1,"NCT03229603","2017-12-21","2017-04-18",NA,"Interventional","Not Applicable",227,"Unknown status","A Pilot Study on HPV and Cervical Cancer Screening in Mumbai","A Pilot Study on HPV and Cervical Cancer Screening in Mumbai","2018-04-01","2018-05-01","2018-04-01",FALSE,NA,"None (Open Label)","OTHER_GOV",FALSE,"Monocentric","India","LMIC","maternal health"
2,"NCT02101086","2014-03-28","2014-03-28",NA,"Interventional","Not Applicable",39,"Completed","Evaluation of the Efficacy and Safety of Autologous Cord Blood Transfusions in Premature Infants","Autologous Cord Blood Transfusion in Preterm Infants","2009-03-01","2012-01-01","2010-09-01",FALSE,"Randomized","Double","OTHER",FALSE,"Monocentric","Turkey","LMIC","maternal health"
3,"NCT01799356","2013-08-27","2013-02-16",NA,"Interventional","Phase 4",1303,"Completed",NA,"Moxifloxacin Versus Ofloxacin Plus Metronidazole in Uncomplicated Pelvic Inflammatory Disease: Multicenter Randomized Controlled Trials","2010-06-01","2013-03-01","2013-03-01",FALSE,"Randomized","Single","OTHER_GOV",TRUE,"Multicentric Local","Turkey","LMIC","maternal health"
4,"NCT03408639","2019-12-08","2017-12-12","2019-06-18","Interventional","Phase 3",156,"Completed","A Phase III, Randomized, Two Armed, Parallel, Double Blind (Patient and Assessor Blinded), Active Controlled Non Inferiority Clinical Trial to Determine the Non Inferior Therapeutic Efficacy and Safety Between CinnaPoietin® (Beta Erythropoietin) and Eprex® (Epoetin Alpha) on the Treatment of Anemia in ESRD Hemodialysis Patients","Comparing Efficacy and Safety of CinnaGen Beta Erythropoietin (CinnaPoietin®) Versus Eprex® on the Treatment of Anemia in ESRD Hemodialysis Patients","2016-06-22","2017-07-19","2017-07-19",TRUE,"Randomized","Quadruple","INDUSTRY",TRUE,"Multicentric Local","Iran, Islamic Republic of","LMIC","maternal health"
5,"NCT01183572","2012-09-08","2010-08-13",NA,"Interventional","Not Applicable",802,"Completed","Trial of Pre-Pregnancy Supplements","Trial of Pre-Pregnancy Supplements","2010-08-01","2012-01-01","2012-01-01",FALSE,"Randomized","Quadruple","OTHER",FALSE,"Monocentric","Tanzania","LMIC","maternal health"
6,"NCT02086838","2015-03-17","2014-03-12",NA,"Interventional","Phase 4",212,"Completed","Comparison Between Iron Supplementation Using Total Dose Infusion and Oral Routes for Treatment of Iron Deficiency Anemia in Pregnancy","Iron Supplementation Using Total Dose Infusion and Oral Routes for Treatment of Iron Deficiency Anemia in Pregnancy","2013-07-01","2014-12-01","2014-12-01",FALSE,"Randomized","None (Open Label)","OTHER",FALSE,"Monocentric","Egypt","LMIC","maternal health"
7,"NCT01191983","2018-07-17","2010-08-16",NA,"Interventional","Phase 4",102,"Completed","A Single Arm Open Label Multicenter Interventional Study to Assess the Efficacy, Safety, and Tolerability of Every 4 Weeks Administration of Subcutaneous C.E.R.A. for the Treatment of Chronic Renal Anemia in Diabetic Nephropathy With Chronic Kidney Disease Stages III-IV Not on Dialysis, Not Currently Treated With ESA.","A Study of Methoxy Polyethylene Glycol-Epoetin Beta (Mircera) for the Treatment of Chronic Renal Anemia in Participants With Diabetic Nephropathy","2010-08-13","2018-04-23","2018-04-23",FALSE,NA,"None (Open Label)","INDUSTRY",TRUE,"Multicentric Local","India","LMIC","maternal health"
8,"NCT00964691","2010-07-05","2009-08-24",NA,"Interventional","Phase 4",2504,"Terminated","Intermittent Preventive Treatment With Sulfadoxine-Pyrimethamine Versus Weekly Chloroquine Prophylaxis During Pregnancy in Solomon Islands: a Randomized Controlled Trial","A Randomized Controlled Trial for Intermittent Preventive Treatment in Pregnancy With Fansidar in Solomon Islands","2009-08-01","2010-08-01","2010-08-01",FALSE,"Randomized","None (Open Label)","OTHER_GOV",FALSE,"Monocentric","Solomon Islands","LMIC","maternal health"
9,"NCT02221752","2014-08-19","2014-08-18",NA,"Interventional","Not Applicable",2367,"Completed","Impact of Iron/Folic Acid Versus Folic Acid Supplements During Pregnancy on Maternal and Children's Health: A Randomized Controlled Trial in China","Impact of Iron/Folic Acid vs Folic Acid Supplements During Pregnancy on Maternal and Child Health","2009-06-01","2011-12-01","2011-12-01",FALSE,"Randomized","Quadruple","OTHER",FALSE,"Monocentric","China","LMIC","maternal health"
10,"NCT03481790","2018-03-22","2018-03-12",NA,"Interventional","Phase 2",200,"Completed","The Effect of Orally Administered Iron-saturated Lactoferrin on Systemic Iron Homeostasis in Pregnant Women Suffering From Iron Deficiency and Iron Deficiency Anaemia","Lactoferrin Versus Ferrous Sulphate for Treatment of Iron Deficiency Anaemia During Pregnancy","2017-09-01","2018-03-05","2018-03-05",FALSE,"Randomized","Double","OTHER",FALSE,"Monocentric","Egypt","LMIC","maternal health"
11,"NCT02586402","2015-10-23","2015-10-23",NA,"Interventional","Phase 2",60,"Unknown status","A Phase 2, Randomized, Active-controlled, Open-label, Multi-center Study of the Safety and Efficacy of Pegolsihematide for the Correction of Anemia in Patients With CRF Undergoing Dialysis and Previously Treated With ESAs","Safety & Efficacy of Pegolsihematide for Treatment of Anemia in Participants on Dialysis","2015-10-01","2016-08-01","2016-08-01",FALSE,"Randomized","None (Open Label)","INDUSTRY",FALSE,"Monocentric","China","LMIC","maternal health"
12,"NCT02693483","2016-02-25","2016-02-15",NA,"Interventional","Phase 4",306,"Unknown status","Preoperative Vaginal Cleansing With Povidone Iodine and the Risk of Post Cesarean Endometritis","Preoperative Vaginal Cleansing With Povidone Iodine and the Risk of Post Cesarean Endometritis","2015-04-01","2016-10-01","2016-06-01",FALSE,"Randomized","None (Open Label)","OTHER",FALSE,"Monocentric","Egypt","LMIC","maternal health"
13,"NCT02811367","2016-10-14","2016-06-20",NA,"Interventional","Not Applicable",117,"Completed","The HPV Self-test as a Test of Cure in the Follow-up of HPV-positive Women in Madagascar","The HPV Self-test as a Test of Cure in Madagascar","2016-06-01","2016-09-01","2016-09-01",FALSE,NA,"None (Open Label)","OTHER",FALSE,"Monocentric","Madagascar","LMIC","maternal health"
14,"NCT02812914","2017-10-25","2016-06-03",NA,"Interventional","Not Applicable",50,"Completed","NACER II: Reducing Prenatal Exposures to Household Air Pollution in Rural Guatemala Through a Gas Stove/Behavior Intervention to Improve Neonatal Health","NACER II: Reducing Prenatal Exposures to Household Air Pollution in Rural Guatemala Through a Gas Stove/Behavior Intervention to Improve Neonatal Health","2016-04-01","2017-06-19","2017-06-19",FALSE,"Non-Randomized","None (Open Label)","OTHER",FALSE,"Monocentric","Guatemala","LMIC","maternal health"
15,"NCT02532504","2017-01-13","2015-08-15",NA,"Interventional","Phase 2",36,"Completed","Change Your Life With Seven Sheets of Paper: A Pilot Randomized Controlled Trial for Postnatal Depression: A Pilot Randomized Controlled Trial for Postnatal Depression","Change Your Life With Seven Sheets of Paper","2015-08-01","2016-03-01","2016-03-01",FALSE,"Randomized","Single","OTHER",FALSE,"Monocentric","Pakistan","LMIC","maternal health"
16,"NCT03759353","2018-11-28","2018-11-28",NA,"Interventional","Phase 2",98,"Completed","A Comparative Study Between Lactoferrin Versus Ferrous Sulfate in Iron-deficiency During Pregnancy","Lactoferrin Versus Ferrous Sulfate in Iron-deficiency During Pregnancy","2018-01-15","2018-11-20","2018-10-30",FALSE,"Randomized","None (Open Label)","OTHER",FALSE,"Monocentric","Egypt","LMIC","maternal health"
17,"NCT02743572","2018-03-06","2016-03-31",NA,"Interventional","Not Applicable",129,"Completed","Efficacy and Safety of Parenteral Nutrition With Iron Sucrose for Anemia in Preterm Infants: a Randomized, Double-blind Controlled Study","Iron-fortified Parenteral Nutrition in the Prevention and Treatment of Anemia in Premature Infants","2015-09-01","2017-05-01","2017-05-01",FALSE,"Randomized","Triple","OTHER",FALSE,"Monocentric","China","LMIC","maternal health"
18,"NCT02845284","2019-05-15","2016-07-20",NA,"Interventional","Not Applicable",486,"Completed","Enhanced HIV/Sexually Transmitted Infections and Pregnancy Prevention Study to Improve Adolescent Reproductive Health Services in Uganda","'HI-4-TU' Study: Health Improvement for Teen Ugandans Study","2016-03-30","2017-12-30","2017-12-01",FALSE,"Randomized","None (Open Label)","OTHER",FALSE,"Monocentric","Uganda","LMIC","maternal health"
19,"NCT04043533","2019-08-01","2019-07-29",NA,"Interventional","Not Applicable",80,"Completed","The Effect of an Exercise Program in Reducing the Severity of Postpartum Depression in Women: A Randomized Control Trial","The Effect of an Exercise Program in Reducing the Severity of Postpartum Depression in Women","2017-09-01","2018-06-15","2018-02-15",FALSE,"Randomized","Single","OTHER",FALSE,"Monocentric","Turkey","LMIC","maternal health"
20,"NCT02972151","2016-11-21","2016-11-17",NA,"Interventional","Phase 2",175,"Unknown status","Clinical Promotion Research of Complex Treatment With TCM to Diagnosis and Treatment on Different Syndrome Types of Pelvic Inflammatory Disease Sequelae","Clinical Research of TCM on Pelvic Inflammatory Disease Sequelae","2016-11-01","2018-12-01","2018-12-01",FALSE,"Randomized","None (Open Label)","OTHER",FALSE,"Monocentric","China","LMIC","maternal health"
21,"NCT00746551","2015-02-11","2008-09-02","2015-01-15","Interventional","Phase 4",80,"Completed","Low Dose Intravenous Versus Oral Iron for Iron Deficiency Anemia Starting Late in Pregnancy: A Randomized Controlled Trial","Intravenous Versus Oral Iron in Late Pregnancy: Results of Treatment","2008-09-01","2010-04-01","2010-03-01",TRUE,"Randomized","None (Open Label)","OTHER",FALSE,"Monocentric","Thailand","LMIC","maternal health"
22,"NCT03715218","2018-10-19","2018-10-19",NA,"Interventional","Not Applicable",160,"Completed","Indian Postpartum Care: A-randomised Trial to Improve Maternal Health Six Weeks After Birth","Impact of Mothers Touch Program to Improve Maternal Health After Birth","2018-01-21","2018-08-12","2018-05-15",FALSE,"Randomized","None (Open Label)","OTHER",FALSE,"Monocentric","India","LMIC","maternal health"
23,"NCT02858505","2016-08-03","2016-08-02",NA,"Interventional","Phase 2",120,"Completed",NA,"Impact of One Versus Two Amino Acid Chelated Iron Capsules on Prevention of Iron Deficiency Anemia in Non-anemic Women With Twin Gestations","2015-08-01","2016-07-01","2016-07-01",FALSE,"Randomized","None (Open Label)","OTHER",FALSE,"Monocentric","Egypt","LMIC","maternal health"
24,"NCT03336541","2021-12-10","2017-11-06",NA,"Interventional","Phase 4",64,"Completed","Effects of Intraoperative Low-dose Ketamine on Incidence of Postpartum Depression in Parturients With Prenatal Depression Undergoing Cesarean Delivery: Blind Test, Randomized, Placebo-controlled Trial","Low-dose Ketamine and Postpartum Depression in Parturients With Prenatal Depression","2017-11-23","2018-06-25","2018-05-14",FALSE,"Randomized","Quadruple","OTHER",FALSE,"Monocentric","China","LMIC","maternal health"
25,"NCT03456258","2018-02-28","2018-02-23",NA,"Interventional","Not Applicable",100,"Completed","Lactoferrin Versus Ferrous Sulphate for the Treatment of Iron Deficiency Anemia During Pregnancy,a Randomized Clinical Trial","Lactoferrin Versus Ferrous Sulphate for the Treatment of Iron Deficiency Anemia During Pregnancy","2017-09-05","2018-01-15","2017-12-10",FALSE,"Randomized","None (Open Label)","OTHER",FALSE,"Monocentric","Egypt","LMIC","maternal health"
26,"NCT02366325","2015-02-12","2015-02-12",NA,"Interventional","Phase 2",60,"Unknown status","A Phase 2, Open-Label, Multi-Center , Dose-Finding Study of the Safety and Efficacy of Pegol-Sihematide (EPO-018B) for the Treatment of Anemia in Patients With End-Stage Renal Disease Receiving Maintenance Hemodialysis (HD)","Safety & Efficacy of EPO-018B for the Treatment of Anemia in Participants With ERSD Receiving Maintenance Hemodialysis","2014-07-01","2015-12-01","2015-12-01",FALSE,"Non-Randomized","None (Open Label)","INDUSTRY",FALSE,"Monocentric","China","LMIC","maternal health"
27,"NCT02346227","2018-10-11","2014-11-08",NA,"Interventional","Phase 3",327,"Completed","Efficiency of AV2 Antiviral Drug in the Treatment of Human Papillomavirus-associated Precancerous Lesions of the Uterine Cervix: a Randomized Clinical Trial in Kinshasa, Democratic Republic of the Congo","Impact of AV2 Antiviral Drug on the Treatment of HPV-associated Lesions of the Uterine Cervix","2015-01-01","2018-08-01","2018-08-01",FALSE,"Randomized","Quadruple","OTHER",FALSE,"Monocentric","Congo, The Democratic Republic of the","LMIC","maternal health"
28,"NCT00922610","2016-11-01","2009-06-16",NA,"Interventional","Phase 4",28,"Completed","An Open-label Study of the Effect of Mircera on Hemoglobin Levels in Filipino Chronic Kidney Disease Patients","A Study of Mircera in Renal Anemia Among Filipino Chronic Kidney Disease Patients","2009-02-01","2010-07-01","2010-07-01",FALSE,"Non-Randomized","None (Open Label)","INDUSTRY",TRUE,"Multicentric Local","Philippines","LMIC","maternal health"
29,"NCT03202615","2018-07-05","2015-12-06",NA,"Interventional","Phase 4",130,"Unknown status","Bovine Lactoferrin Versus Ferrous Sulphate In The Treatment Of Iron Deficiency Anemia During Pregnancy: A Randomized Controlled Trial","Bovine Lactoferrin Versus Ferrous Sulphate In The Treatment Of Iron Deficiency Anemia During Pregnancy","2015-09-01","2018-10-01","2018-08-01",FALSE,"Randomized","Double","INDIV",FALSE,"Monocentric","Egypt","LMIC","maternal health"
30,"NCT02186145","2015-04-08","2014-07-07",NA,"Interventional","Phase 3",160,"Unknown status","Single Blind Randomized Study of Efficacy and Safety of Vaginal Cream With Association of Metronidazole, Nystatin and Dexamethasone in the Treatment of Bacterial and Fungal Vaginal Infections","Efficacy and Safety Study of Metronidazole, Nystatin and Dexamethasone Combination Therapy in Bacterial and Fungal Vaginal Infections","2016-01-01","2017-01-01","2017-01-01",FALSE,"Randomized","Single","INDUSTRY",FALSE,"Monocentric","Brazil","LMIC","maternal health"
31,"NCT01115478","2015-04-22","2010-04-30",NA,"Interventional","Not Applicable",2500,"Completed","Malaria in Pregnancy: Nutrition and Immunologic Effects","Malaria in Pregnancy: Nutrition and Immunologic Effects","2010-07-01","2014-06-01","2014-06-01",FALSE,"Randomized","Quadruple","OTHER",FALSE,"Monocentric","Tanzania","LMIC","maternal health"
32,"NCT01337791","2011-04-18","2011-04-15",NA,"Interventional","Phase 4",88,"Completed",NA,"Efficacy, Safety and Tolerability of Telbivudine in HBeAg Positive Chronic Hepatitis B Pregnant Women With Elevated Alanine Aminotransferase Levels","2008-08-01","2009-12-01","2009-12-01",FALSE,"Non-Randomized","None (Open Label)","OTHER",FALSE,"Monocentric","China","LMIC","maternal health"
33,"NCT02094703","2014-03-19","2014-03-10",NA,"Interventional","Phase 4",126,"Unknown status","The Efficacy of Solifenacin Succinate as Adjuvant Therapy for Symptomatic Non-complicated Urinary Tract Infection in Females","The Efficacy of Solifenacin Succinate as Adjuvant Therapy for Urinary Tract Infection in Females","2013-04-01","2014-12-01","2014-11-01",FALSE,"Randomized","Quadruple","OTHER",FALSE,"Monocentric","Indonesia","LMIC","maternal health"
34,"NCT03345875","2018-08-08","2017-10-26",NA,"Interventional","Not Applicable",1022,"Completed","Feasibility and Acceptability of HPV Self-Collection Cervical Cancer Screening and Treatment in Clinics and the Community in Botswana","Feasibility and Acceptability of HPV Self-Collection Cervical Cancer Screening and Treatment in Botswana","2017-10-16","2018-06-30","2018-06-30",FALSE,NA,"None (Open Label)","OTHER",TRUE,"Multicentric Local","Botswana","LMIC","maternal health"
35,"NCT01813682","2013-03-20","2013-03-12",NA,"Interventional","Not Applicable",118,"Unknown status","Effect of Iron-fortified TPN on Preterm Infants Anemia","Effect of Iron-fortified TPN on Preterm Infants Anemia","2012-09-01","2014-06-01","2013-12-01",FALSE,"Randomized","Triple","OTHER",FALSE,"Monocentric","China","LMIC","maternal health"
36,"NCT01695759","2018-08-17","2012-09-26",NA,"Interventional","Phase 3",92,"Terminated","Evaluation of Clinical Efficacy and Immunogenicity of Drug Eritromax® at Blau Farmacêutica S.A. Compared to Eprex®, Produced by Janssen-Cilag Laboratory in Participants With Secondary Anemia to Chronic Kidney Disease.","Clinical Efficacy of Two Erythropoietin Drug in Participants With Secondary Anemia to Chronic Kidney Disease.","2013-12-01","2018-01-01","2014-12-01",FALSE,"Randomized","Single","INDUSTRY",TRUE,"Multicentric Local","Brazil","LMIC","maternal health"
37,"NCT01039051","2009-12-23","2009-12-22",NA,"Interventional","Phase 2/Phase 3",1600,"Unknown status","Randomized Controlled Trials of Diet and Lifestyle Intervention to Promote Chinese Postpartum Women's Health","Diet and Lifestyle Intervention Study in Postpartum Women in China","2009-06-01","2010-06-01","2009-12-01",FALSE,"Randomized","Single","OTHER",TRUE,"Multicentric Local","China","LMIC","maternal health"
38,"NCT02562508","2018-08-15","2015-09-14",NA,"Interventional","Phase 3",979,"Completed","Immunogenicity and Safety Study of a Bivalent Human Papillomavirus (Type 16, 18) Recombinant Vaccine (E.Coli) in Healthy Female Subjects Aged 9 to 17 Years","A Bridging Study of a Recombinant Human Papillomavirus 16/18 Bivalent Vaccine in Preadolescent Girls","2015-12-05","2016-08-12","2016-08-12",FALSE,"Randomized","Single","OTHER",FALSE,"Monocentric","China","LMIC","maternal health"
39,"NCT02590224","2018-03-17","2015-10-27",NA,"Interventional","Phase 4",200,"Completed","Ferrous Bis-glycinate Versus Ferrous Glycine Sulfate for the Treatment of Iron Deficiency Anemia During Pregnancy","The Effect of Iron Deficiency Anemia During Pregnancy","2016-01-01","2017-12-01","2017-07-01",FALSE,"Randomized","Double","OTHER",FALSE,"Monocentric","Egypt","LMIC","maternal health"
40,"NCT03122938","2017-04-20","2016-08-20",NA,"Interventional","Not Applicable",120,"Unknown status","Effect of Daily Bovine Lactoferrin Supplementation on Fetal Development and Iron Metabolism in Healthy Pregnant Women: A Randomized Double-blind Controlled Trial","Lactoferrin Supplementation and Iron Metabolism in Healthy Pregnant Women","2016-04-01","2017-05-01","2017-04-01",FALSE,"Randomized","Quadruple","OTHER",FALSE,"Monocentric","China","LMIC","maternal health"
41,"NCT02444975","2016-09-05","2015-04-29",NA,"Interventional","Not Applicable",140,"Completed","The Effect of Increased Water Intake on the Frequency of the Clinical Recurrent Urinary Tract Infections in Pre-menopausal Women: S-HYDRACYST","The Effect of Increased Water Intake on the Frequency of the Clinical Recurrent Urinary Tract Infections in Pre-menopausal Women: S-HYDRACYST","2013-12-01","2016-07-01","2016-07-01",FALSE,"Randomized","None (Open Label)","INDUSTRY",FALSE,"Monocentric","Bulgaria","LMIC","maternal health"
42,"NCT03279536","2020-10-23","2017-08-30",NA,"Interventional","Phase 1/Phase 2",99,"Completed","Lactoferrin Versus Total Dose Infusion (TDI) For Treating Iron Deficiency Anemia in Pregnancy: Role of Nursing","Lactoferrin Versus Total Dose Infusion (TDI) For Treating Iron Deficiency Anemia in Pregnancy: Role of Nursing","2017-11-01","2018-12-30","2018-12-30",FALSE,"Randomized","Single","OTHER",FALSE,"Monocentric","Egypt","LMIC","maternal health"
43,"NCT04959578","2021-07-10","2021-07-03",NA,"Interventional","Phase 4",50,"Completed","Comparison of Darbepoetin Alpha and Recombinant Human Erythropoietin as Erythropoietic Agents for Treatment of Anemia in Pediatric Chronic Kidney Disease Patients","Comparison of Darbepoetin Alpha and Recombinant Human Erythropoietin for Treatment of Anemia in Children With Chronic Kidney Disease","2018-02-01","2019-01-31","2019-01-31",FALSE,"Randomized","None (Open Label)","OTHER",FALSE,"Monocentric","India","LMIC","maternal health"
44,"NCT03391440","2017-12-29","2017-11-28",NA,"Interventional","Phase 4",469,"Unknown status","An Open-Lable Multicenter Prospective Non-Randomized Trial to Assess the Efficacy and Safety of Morinidazole With Levofloxacin and Sequential of Levofloxacin in Women With Pelvic Inflammatory Disease","A Trial to Assess the Efficacy and Safety of Morinidazole in Women With Pelvic Inflammatory Disease","2016-09-01","2018-12-01","2018-12-01",FALSE,NA,"None (Open Label)","INDUSTRY",FALSE,"Monocentric","China","LMIC","maternal health"
45,"NCT03196726","2019-03-29","2017-06-20",NA,"Interventional","Not Applicable",54,"Completed","POSTNATAL DEPRESSION: Malaysia ASPIRE* Project PHASE 2","Behavioural Interventions for Postnatal Depression: a RCT Study","2017-03-02","2018-12-31","2018-10-30",FALSE,"Randomized","Double","OTHER_GOV",TRUE,"Multicentric Local","Malaysia","LMIC","maternal health"
46,"NCT02959125","2017-10-22","2016-08-27",NA,"Interventional","Not Applicable",72,"Unknown status","NutFish and Nutrient Supplementation in Pregnancy Class to Improve Maternal and Birth Outcomes","NutFish and Nutrient Supplementation in Pregnancy Class to Improve Maternal and Birth Outcomes","2016-12-12","2017-12-20","2017-10-30",FALSE,"Randomized","None (Open Label)","OTHER",TRUE,"Multicentric Local","Indonesia","LMIC","maternal health"
47,"NCT01977326","2016-10-27","2013-10-24",NA,"Interventional","Not Applicable",4205,"Completed","The Effectiveness and Cost-effectiveness of a Task Sharing Counseling Intervention by Community Health Workers for Prenatal Depression in South Africa","Task Sharing Counseling Intervention by Community Health Workers for Prenatal Depression in South Africa","2013-10-01","2016-06-01","2016-06-01",FALSE,"Randomized","Single","OTHER",TRUE,"Multicentric Local","South Africa","LMIC","maternal health"
48,"NCT02652819","2017-08-23","2015-12-31",NA,"Interventional","Phase 3",154,"Completed","A Phase 3, Randomized, Double-Blind, Placebo-Controlled Study of Efficacy and Safety of FG-4592 for Treatment of Anemia in Subjects With Chronic Kidney Disease Not on Dialysis","FG-4592 for Treatment of Anemia in Subjects With Chronic Kidney Disease Not on Dialysis","2015-12-01","2017-06-13","2017-01-24",FALSE,"Randomized","Quadruple","INDUSTRY",TRUE,"Multicentric Local","China","LMIC","maternal health"
49,"NCT03392298","2018-01-11","2018-01-02",NA,"Interventional","Phase 4",70,"Unknown status","Investigation of Signal Pathway Induced by Colla Corri Asini Regulating Globin Level in Beta Thalassemia Patients With Pregnancy Anemia","Study on the Mechanism of Colla Corri Asini in the Treatment of Thalassemia Patients With Pregnancy Anemia","2017-12-01","2019-02-28","2018-12-31",FALSE,"Randomized","Single","OTHER",FALSE,"Monocentric","China","LMIC","maternal health"
50,"NCT01119612","2015-04-22","2010-04-30",NA,"Interventional","Not Applicable",1500,"Completed","Prenatal Iron Supplements: Safety and Efficacy in Tanzania","Prenatal Iron Supplements: Safety and Efficacy in Tanzania","2010-09-01","2013-05-01","2013-03-01",FALSE,"Randomized","Quadruple","OTHER",FALSE,"Monocentric","Tanzania","LMIC","maternal health"
51,"NCT01478620","2019-02-05","2011-11-21","2014-08-27","Interventional","Phase 3",125,"Completed","An Open-label, Non-randomized, Multicenter, Interventional Study to Investigate the Safety and Efficacy of Canephron® N in the Management of Uncomplicated Urinary Tract Infections (uUTI)","Safety and Efficacy of Canephron® N in the Management of Uncomplicated Urinary Tract Infections (uUTI)","2011-10-01","2012-08-01","2012-05-01",TRUE,NA,"None (Open Label)","INDUSTRY",FALSE,"Monocentric","Ukraine","LMIC","maternal health"
52,"NCT02304770","2019-06-11","2014-11-23",NA,"Interventional","Phase 2",73,"Completed","A Pilot Study of Aminolaevulinic Acid (ALA) Photodynamic Therapy (PDT) in Patients With Cervical Persistent High Risk HPV Infection or Cervical Intraepithelial Neoplasia","Aminolaevulinic Acid Photodynamic Therapy of Cervical Persistent HPV Infection and Cervical Neoplasia","2015-01-01","2017-01-01","2017-01-01",FALSE,"Non-Randomized","None (Open Label)","INDUSTRY",TRUE,"Multicentric Local","China","LMIC","maternal health"
53,"NCT01309516","2015-09-19","2011-01-22",NA,"Interventional","Phase 2",107,"Completed","Efficacy of Learning Through Play Plus Intervention to Reduce Maternal Depression for Women With Under-nourished Children: A Randomized Controlled Trial From Pakistan","Randomised Control Trial of a Complex Intervention for Postnatal Depression","2009-05-01","2011-05-01","2010-12-01",FALSE,"Randomized","Single","OTHER",TRUE,"Multicentric Local","Pakistan","LMIC","maternal health"
54,"NCT00970866","2022-02-23","2009-09-01",NA,"Interventional","Not Applicable",3499,"Completed","Efficacy of Lipid-based Nutrient Supplements (LNS) for Pregnant and Lactating Women and Their Infants","Efficacy of Lipid-Based Nutrient Supplements (LNS) for Pregnant and Lactating Women and Their Infants","2009-11-01","2017-12-15","2017-12-15",FALSE,"Randomized","Triple","OTHER",TRUE,"Multicentric Local","Ghana","LMIC","maternal health"
55,"NCT01136850","2013-04-20","2010-04-06",NA,"Interventional","Phase 3",2793,"Completed","Intermittent Preventive Treatment With Azithromycin-containing Regimens for the Prevention of Malarial Infections and Anaemia and the Control of Sexually Transmitted Infections in Pregnant Women in Papua New Guinea","Intermittent Preventive Treatment With Azithromycin-containing Regimens in Pregnant Women in Papua New Guinea","2009-11-01","2013-01-01","2012-12-01",FALSE,"Randomized","Single","OTHER",FALSE,"Monocentric","Papua New Guinea","LMIC","maternal health"
56,"NCT01519947","2019-06-17","2012-01-18","2017-09-08","Interventional","Phase 4",87,"Completed","Comparative Study to Evaluate the Effect of the Altitude on Dosage Requirements of Methoxy Polyethylene Glycol-Epoetin Beta to Correct Hemoglobin Levels in Chronic Renal Anemia in Pre-Dialysis and Dialysis Patients","A Study of The Effect of Altitude on Mircera (Methoxy Polyethylene Glycol-Epoetin Beta) Dose Requirements in Participants With Chronic Renal Anemia in Pre-Dialysis or Dialysis","2012-05-30","2015-05-30","2015-05-30",TRUE,"Non-Randomized","None (Open Label)","INDUSTRY",TRUE,"Multicentric Local","Mexico","LMIC","maternal health"
57,"NCT01795131","2014-04-02","2013-02-09",NA,"Interventional","Phase 2/Phase 3",120,"Completed","Role of Vitamin B12 Supplementation During Pregnancy and Postpartum to Reduce Nutritional Anemia and Improve Immunity in Bangladeshi Women and Their Infants","Vitamin B12 Supplementation During Pregnancy","2010-02-01","2013-12-01","2012-06-01",FALSE,"Randomized","Triple","OTHER",FALSE,"Monocentric","Bangladesh","LMIC","maternal health"
58,"NCT02652806","2017-08-23","2015-12-31",NA,"Interventional","Phase 3",305,"Completed","A Phase 3, Randomized, Open-Label, Active-Controlled Study of Efficacy and Safety of FG-4592 for Treatment of Anemia in Subjects With Chronic Kidney Disease on Dialysis","FG-4592 for Treatment of Anemia in Subjects With Chronic Kidney Disease","2015-12-01","2017-06-14","2017-01-24",FALSE,"Randomized","None (Open Label)","INDUSTRY",TRUE,"Multicentric Local","China","LMIC","maternal health"
59,"NCT02527941","2016-02-09","2015-08-14",NA,"Interventional","Phase 1",50,"Completed","Effect of Bacterial Vaginosis and Its Treatment on HIV Susceptibility and Female Genital Immunology","Effect of Bacterial Vaginosis on HIV Susceptibility and Female Genital Immunology","2015-08-01","2015-11-01","2015-11-01",FALSE,NA,"None (Open Label)","OTHER",FALSE,"Monocentric","Kenya","LMIC","maternal health"
60,"NCT02148965","2021-09-27","2014-05-22",NA,"Interventional","Not Applicable",639,"Completed","Effects of Exercise During Pregnancy on Maternal and Child Health: a Randomized Clinical Trial","Effects of Exercise During Pregnancy on Maternal and Child Health: a Randomized Clinical Trial","2014-09-01","2016-09-01","2016-06-01",FALSE,"Randomized","None (Open Label)","OTHER",FALSE,"Monocentric","Brazil","LMIC","maternal health"
61,"NCT02439632","2015-07-15","2014-06-04",NA,"Interventional","Phase 3",216,"Completed","A Multi-center, Randomized, Double-blind, Double-dummy Clinical Study to Evaluate the Safety and Efficacy of Prulifloxacin Film-coated Tablet for the Treatment of Acute Uncomplicated Lower Urinary Tract Infection With Levofloxacin Hydrochloride Tablet as Active Control","A Multi-center, Randomized, Double-blind, Double-dummy Clinical Study to Evaluate the Safety and Efficacy of Prulifloxacin Film-coated Tablet for the Treatment of Acute Uncomplicated Lower Urinary Tract Infection With Levofloxacin Hydrochloride Tablet as Active Control","2014-02-01","2015-07-01","2015-03-01",FALSE,"Randomized","Double","INDUSTRY",FALSE,"Monocentric","China","LMIC","maternal health"
62,"NCT04306731","2020-03-13","2020-03-11",NA,"Interventional","Not Applicable",437,"Completed","A Randomized, Double-blind, Placebo-controlled Clinical Study to Assess the Use of Nanotechnology Structured Water Magnalife for the Prevention of Recurrent Urinary Tract Infections.","Effect of Nanotechnology Structured Water Magnalife for the Prevention of Recurrent Urinary Tract Infections.","2014-09-20","2017-04-21","2017-04-21",FALSE,"Randomized","Quadruple","OTHER",FALSE,"Monocentric","Iraq","LMIC","maternal health"
63,"NCT01241110","2010-11-15","2010-11-15",NA,"Interventional","Phase 4",100,"Completed","Phase 4 Study of Azitromicin in the Treatment of PID","To Compare Ofloxacin With Azitromycin for Pelvic Inflammatory Disease (PID) Treatment","2010-01-01","2010-09-01","2010-08-01",FALSE,"Randomized","None (Open Label)","OTHER",FALSE,"Monocentric","Iran, Islamic Republic of","LMIC","maternal health"
64,"NCT02124252","2019-04-09","2014-04-24",NA,"Interventional","Not Applicable",7200,"Completed","Evaluation of a Community-Driven Cervical Cancer Prevention Strategy in Western Kenya","Community-Driven Cervical Cancer Prevention in Western Kenya","2016-01-01","2019-03-01","2016-10-01",FALSE,"Randomized","None (Open Label)","OTHER",FALSE,"Monocentric","Kenya","LMIC","maternal health"
65,"NCT03019172","2017-11-27","2017-01-10",NA,"Interventional","Not Applicable",40,"Completed","Safety, and Effectiveness of Lactobacillus Reuteri for the Treatment of Urinary Tract Infections in Women: A Pilot Randomized Clinical Trial (RCT)","Clinical Trial of L. Reuteri in Urinary Tract Infections in Non Pregnant Women","2017-03-05","2017-09-30","2017-07-30",FALSE,"Randomized","Double","OTHER",FALSE,"Monocentric","Mexico","LMIC","maternal health"
66,"NCT01599507","2014-02-27","2012-05-11",NA,"Interventional","Phase 2",91,"Completed","A Phase 2, Randomized, Double-Blind, Placebo-Controlled, Sequential Group, Dose Ranging Safety and Efficacy Study of FG 4592 in Non-dialysis Chronic Kidney Disease (CKD) Subjects With Anemia","Study of FG-4592 in Subjects With Chronic Kidney Disease in China","2011-12-01","2013-01-01","2013-01-01",FALSE,"Randomized","Quadruple","INDUSTRY",TRUE,"Multicentric Local","China","LMIC","maternal health"
67,"NCT02005588","2015-07-27","2013-11-27",NA,"Interventional","Early Phase 1",150,"Completed","Comparison Between Aminoacid Chelated Iron and Iron Salt in Treatment of Iron Deficiency Anemia With Pregnancy","Treatment of Iron Deficiency Anemia With Pregnancy","2013-12-01","2015-07-01","2015-06-01",FALSE,"Randomized","None (Open Label)","OTHER",FALSE,"Monocentric","Egypt","LMIC","maternal health"
68,"NCT01883479","2017-06-28","2013-04-24",NA,"Interventional","Not Applicable",450,"Completed","Effect of Exercise and Wellness Interventions on Preventing Postpartum Depression.","Effect of Exercise and Wellness Interventions on Preventing Postpartum Depression","2012-12-01","2017-05-01","2017-05-01",FALSE,"Randomized","Single","OTHER",FALSE,"Monocentric","United States","HIC","maternal health"
69,"NCT00744328","2019-08-19","2008-08-28","2014-10-13","Interventional","Phase 4",85,"Terminated","Postpartum Depression: Transdermal Estradiol Versus Sertraline","Postpartum Depression: Transdermal Estradiol Versus Sertraline","2008-08-01","2013-09-01","2013-09-01",TRUE,"Randomized","Quadruple","OTHER",FALSE,"Monocentric","United States","HIC","maternal health"
70,"NCT01087112","2010-03-15","2009-12-29",NA,"Interventional","Early Phase 1",71,"Unknown status","A Follow-up Study of a Randomized Controlled Trial of Mother-Infant Psychoanalytic Treatment and Treatment As Usual at Child Health Centres","Mother-Infant Psychoanalysis Project of Stockholm (MIPPS)- Follow-up at 4½ Years","2009-12-01","2013-06-01","2012-06-01",FALSE,"Randomized","None (Open Label)","OTHER",FALSE,"Monocentric","Sweden","HIC","maternal health"
71,"NCT00731315","2015-03-05","2008-08-05",NA,"Interventional","Not Applicable",200,"Terminated","Computer-Assisted Treatment in the Management of Adult Female Patients With Symptoms of Urinary Tract Infection in Emergency Departments and Community Health Centers: A Randomized Trial","Computer-Assisted Treatment of Urinary Tract Infection in Emergency Departments and Community Health Centers","2008-08-01","2011-07-01","2011-07-01",FALSE,"Randomized","Double","OTHER",TRUE,"Multicentric Local","United States","HIC","maternal health"
72,"NCT02742636","2017-08-22","2016-04-01",NA,"Interventional","Not Applicable",162,"Completed","When is the Best Moment to Remove the Urinary Catheter After Laparoscopic Hysterectomy: MUCH Study.","When is the Best Moment to Remove the Urinary Catheter After Laparoscopic Hysterectomy?","2016-05-31","2017-06-21","2017-06-21",FALSE,"Randomized","None (Open Label)","OTHER",TRUE,"Multicentric Local","Netherlands","HIC","maternal health"
73,"NCT01071239","2019-09-03","2009-05-20",NA,"Interventional","Phase 2",1,"Completed","A Phase II Trial of Hematopoietic Stem Cell Transplantation for the Treatment of Patients With Fanconi Anemia Lacking a Genotypically Identical Donor, Using a Chemotherapy Only Cytoreduction With Busulfan, Cyclophosphamide and Fludarabine","Hematopoietic Stem Cell Transplant for Fanconi Anemia","2009-04-01","2016-08-30","2016-08-30",FALSE,NA,"None (Open Label)","OTHER",FALSE,"Monocentric","United States","HIC","maternal health"
74,"NCT02538497","2019-05-15","2015-08-04",NA,"Interventional","Not Applicable",350,"Completed","The Northern Babies Longitudinal Study: Predicting Postpartum Depression and Improving Parent-infant Interaction With The Newborn Behavioral Observation","The Northern Babies Longitudinal Study","2015-11-01","2018-12-01","2018-12-01",FALSE,"Non-Randomized","None (Open Label)","OTHER",FALSE,"Monocentric","Norway","HIC","maternal health"
75,"NCT01453114","2015-04-06","2011-10-12",NA,"Interventional","Not Applicable",15,"Completed","Cognitive-Behavioral Therapy in Women Discontinuing Antidepressant for Pregnancy","Cognitive-Behavioral Therapy (CBT) in Women Discontinuing Antidepressant for Pregnancy","2008-11-01","2012-07-01","2012-07-01",FALSE,"Non-Randomized","None (Open Label)","OTHER",FALSE,"Monocentric","United States","HIC","maternal health"
76,"NCT01235546","2017-06-29","2010-11-04","2017-03-13","Interventional","Not Applicable",2013,"Completed","Cesarean Section Optimal Antibiotic Prophylaxis Trial","Study of Effectiveness and Safety of Azithromycin-based Extended-spectrum Prophylaxis to Prevent Post Cesarean Infection","2011-05-01","2015-12-01","2015-12-01",TRUE,"Randomized","Quadruple","OTHER",TRUE,"Multicentric Local","United States","HIC","maternal health"
77,"NCT01235936","2022-06-07","2010-11-05","2022-04-22","Interventional","Phase 2",10,"Completed","Phase 2a Open-Label Pilot Study to Assess the Pharmacodynamic Response, Pharmacokinetics, Safety, and Tolerability of 28-Day Repeat Oral Doses of AKB-6548 in Subjects With Anemia Secondary to Chronic Kidney Disease (CKD), Stages 3 and/or 4","Safety and Efficacy Study for AKB-6548 in Participants With Chronic Kidney Disease and Anemia","2010-10-21","2011-05-01","2011-04-13",TRUE,NA,"None (Open Label)","INDUSTRY",TRUE,"Multicentric Local","United States","HIC","maternal health"
78,"NCT01507649","2015-12-01","2012-01-03",NA,"Interventional","Not Applicable",397,"Completed","The Effect of a Telephone-based Cognitive-behavioral Intervention on Postnatal Depression: a Randomized Controlled Trial","Effect of a Telephone-based Intervention on Postnatal Depression","2012-07-01","2014-12-01","2014-12-01",FALSE,"Randomized","Single","OTHER",FALSE,"Monocentric","Hong Kong","HIC","maternal health"
79,"NCT01899534","2016-10-24","2013-07-10",NA,"Interventional","Not Applicable",566,"Completed","Mental Health E-screening in Pregnant and Postpartum Women","Mental Health E-screening in Pregnant and Postpartum Women","2013-07-01","2014-12-01","2014-12-01",FALSE,"Randomized","Single","OTHER",TRUE,"Multicentric Local","Canada","HIC","maternal health"
80,"NCT01964196","2021-04-08","2013-10-15",NA,"Interventional","Phase 2",107,"Completed","ASP1517 Phase 2 Clinical Trial -A Multi-center, Randomized, Parallel Groups, Placebo-controlled, Double-Blind Study of ASP1517 for the Treatment of Anemia in Chronic Kidney Disease Patients Not on Dialysis-","ASP1517 Phase 2 Clinical Trial - Double-Blind Study of ASP1517 for the Treatment of Anemia in Chronic Kidney Disease Patients Not on Dialysis-","2013-09-17","2015-12-01","2015-07-06",FALSE,"Randomized","Quadruple","INDUSTRY",TRUE,"Multicentric Local","Japan","HIC","maternal health"
81,"NCT01812889","2014-05-15","2013-03-14",NA,"Interventional","Phase 1",26,"Completed","A Two Part Randomized, Open-Label Phase I Safety and Pharmacokinetic Evaluation of Gel and Ovule Formulations of TOL-463 (Intravaginal Therapy) in 18-45 Year Old Healthy Female Subjects and Women With Vaginitis","Evaluation of Intravaginal Gel and Ovule Formulations of TOL-463","2013-04-01","2014-05-01","2014-01-01",FALSE,"Randomized","None (Open Label)","NIH",FALSE,"Monocentric","United States","HIC","maternal health"
82,"NCT01744041","2021-12-16","2012-11-27","2021-10-06","Interventional","Not Applicable",42,"Completed","Perinatal Depression: Dyadic-IPT to Improve Health of Mother and Baby","Mommy-Baby Treatment for Perinatal Depression","2012-11-01","2017-01-31","2017-01-31",TRUE,"Randomized","None (Open Label)","OTHER",FALSE,"Monocentric","United States","HIC","maternal health"
83,"NCT03366207","2019-08-21","2017-12-04","2019-07-31","Interventional","Phase 4",250,"Completed","Clinical and Microbiologic Efficacy of Ciprofloxacin for the Treatment of Uncomplicated Urinary Tract Infection in Adult Women.","Efficacy of Ciprofloxacin for the Treatment of Uncomplicated Urinary Tract Infection (uUTI)","2017-12-15","2018-10-26","2018-07-31",TRUE,NA,"None (Open Label)","INDUSTRY",FALSE,"Monocentric","United States","HIC","maternal health"
84,"NCT01221844","2011-06-24","2010-10-12",NA,"Interventional","Phase 4",300,"Completed","Phase IV Study of Oral Administration of Bovine Lactoferrin (bLf) to Prevent and Cure Iron Deficiency (ID) and Iron Deficiency Anemia (IDA) Until Delivery in Hereditary Thrombophilia (HT) Affected Pregnant Women","Bovine Lactoferrin to Prevent and Cure Iron Deficiency and Iron Deficiency Anemia in Complicated Pregnancies","2010-02-01","2011-05-01","2011-03-01",FALSE,"Non-Randomized","None (Open Label)","OTHER",FALSE,"Monocentric","Italy","HIC","maternal health"
85,"NCT02289794","2016-02-10","2014-11-03",NA,"Interventional","Phase 1",194,"Completed","Evaluation of a Candidate Vaccine Against Uropathogenic Escherichia Coli in Women With a Clinical History of Recurrent Urinary Tract Infection","Vaccine Against Escherichia Coli Infection","2014-01-01","2015-09-01","2015-07-01",FALSE,"Randomized","Single","INDUSTRY",FALSE,"Monocentric","Switzerland","HIC","maternal health"
86,"NCT01800799","2017-02-16","2013-02-19",NA,"Interventional","Not Applicable",37,"Completed","Use of Urinary Nerve Growth Factor as A Biomarker to Determine Complete Resolution of Bladder Inflammation After Acute Bacterial Cystitis in Women","Urinary NGF as A Biomarker for Acute Bacterial Cystitis","2013-02-01","2014-12-01","2014-12-01",FALSE,"Randomized","None (Open Label)","OTHER",FALSE,"Monocentric","Taiwan","HIC","maternal health"
87,"NCT01155388","2022-03-31","2010-06-30","2017-08-10","Interventional","Phase 3",14,"Terminated","A Randomized, Open-Label, Active-Controlled Study of the Safety, Efficacy, and Pharmacokinetics of Ferumoxytol Compared With Oral Iron for the Treatment of Iron Deficiency Anemia in Pediatric Subjects With Nondialysis-dependent Chronic Kidney Disease","A Trial of Ferumoxytol for the Treatment of Iron Deficiency Anemia in Pediatric Participants With Nondialysis-Dependent Chronic Kidney Disease","2011-10-17","2014-06-24","2014-06-24",TRUE,"Randomized","None (Open Label)","INDUSTRY",FALSE,"Monocentric","United States","HIC","maternal health"
88,"NCT02978326","2023-11-27","2016-11-28","2021-11-15","Interventional","Phase 3",276,"Completed","A Multicenter, Randomized, Double-Blind, Parallel-Group, Placebo-Controlled Study Evaluating the Efficacy, Safety, and Pharmacokinetics of SAGE-217 in the Treatment of Adult Female Subjects With Severe Postpartum Depression","A Study to Evaluate SAGE-217 in Participants With Severe Postpartum Depression","2017-01-04","2018-12-11","2018-11-15",TRUE,"Randomized","Quadruple","INDUSTRY",TRUE,"Multicentric Local","United States","HIC","maternal health"
89,"NCT03568942","2020-06-12","2018-06-11","2019-12-13","Interventional","Phase 2",22,"Completed","A Phase IIa Single-Center, Open-Label Study Evaluating the Pharmacokinetics of Repeat Oral Doses of Gepotidacin (GSK2140944) in Adult Female Participants With Uncomplicated Urinary Tract Infection (Acute Cystitis)","Pharmacokinetic Study of Oral Gepotidacin (GSK2140944) in Subjects With Uncomplicated Urinary Tract Infection (Acute Cystitis)","2018-07-23","2019-01-07","2019-01-07",TRUE,NA,"None (Open Label)","INDUSTRY",FALSE,"Monocentric","United States","HIC","maternal health"
90,"NCT00678041","2016-08-03","2008-05-10","2016-05-10","Interventional","Not Applicable",10,"Terminated","A Randomized, Double-blind, Placebo-controlled Trial Examining the Effect of Nitrofurantoin Prophylaxis in Women Performing Clean Intermittent Self-catheterization (CISC) After Surgery for Urinary Incontinence and/or Pelvic Organ Prolapse","Nitrofurantoin and Urinary Tract Infections (UTIs)","2008-05-01","2009-05-01","2009-05-01",TRUE,"Randomized","Triple","OTHER",FALSE,"Monocentric","United States","HIC","maternal health"
91,"NCT01018576","2014-12-01","2009-11-05",NA,"Interventional","Not Applicable",6,"Terminated","Delayed Cord Clamping: Prevention of Anemia and Hypothermia in Premature Infants","Delayed Cord Clamping in Premature Infants","2009-09-01","2012-03-01","2011-09-01",FALSE,NA,"None (Open Label)","OTHER",FALSE,"Monocentric","United States","HIC","maternal health"
92,"NCT02323087","2016-05-02","2014-12-11",NA,"Interventional","Not Applicable",377,"Completed","Reducing Antibiotic Resistance: Improved Diagnostics and Treatment for Uncomplicated Urinary Tract Infection in General Practice, Denmark","Point of Care Susceptibility Testing in Primary Care","2015-03-01","2016-05-01","2016-05-01",FALSE,"Randomized","None (Open Label)","OTHER",FALSE,"Monocentric","Denmark","HIC","maternal health"
93,"NCT01039545","2015-07-08","2009-12-24",NA,"Interventional","Phase 4",253,"Terminated","Symptomatic Therapy of Uncomplicated Lower Urinary Tract Infections in the Ambulatory Setting. A Randomized, Double Blind Trial","Symptomatic Therapy of Uncomplicated Lower Urinary Tract Infections in the Ambulatory Setting.","2012-02-01","2015-01-01","2014-12-01",FALSE,"Randomized","Quadruple","OTHER",FALSE,"Monocentric","Switzerland","HIC","maternal health"
94,"NCT01132131","2012-02-01","2010-05-20",NA,"Interventional","Phase 4",443,"Completed","Use of Standardized Delegation Form in Diagnosing and Treating Acute Cystitis in Primary Care Facilities.","Management of Urinary Tract Infections in Primary Care Facilities.","2010-08-01","2011-12-01","2011-12-01",FALSE,"Randomized","None (Open Label)","OTHER",FALSE,"Monocentric","Norway","HIC","maternal health"
95,"NCT01768351","2014-07-29","2013-01-13",NA,"Interventional","Phase 4",60,"Completed","Direct Effect of Paricalcitol on Anemia in Chronic Kidney Disease","Paricalcitol Effect on Anemia in CKD","2010-10-01","2012-10-01","2011-03-01",FALSE,"Randomized","None (Open Label)","OTHER",FALSE,"Monocentric","Italy","HIC","maternal health"
96,"NCT03142295","2017-06-23","2017-05-03",NA,"Interventional","Not Applicable",6,"Unknown status","Safety and Tolerability of Controlled Human Urine Transfusion for Urinary Tract Infection Prevention (SHUTUP): a Pilot Study","Controlled Human Urine Transfusion for UTI","2017-06-24","2018-02-01","2018-01-01",FALSE,NA,"None (Open Label)","OTHER",FALSE,"Monocentric","Netherlands","HIC","maternal health"
97,"NCT02526407","2017-04-12","2015-08-14",NA,"Interventional","Not Applicable",153,"Completed","The Impact of Creative Interventions on Symptoms of Postnatal Depression","The Impact of Creative Interventions on Symptoms of Postnatal Depression","2015-10-19","2016-09-30","2016-07-31",FALSE,"Randomized","None (Open Label)","OTHER",TRUE,"Multicentric Local","United Kingdom","HIC","maternal health"
98,"NCT00871494","2011-09-28","2009-03-27","2011-09-28","Interventional","Phase 3",76,"Completed","A Multicenter, Non-Randomized, Open Label Study Of Azithromycin Intravenous Followed By Oral Administration In Japanese Adult Subjects With Pelvic Inflammatory Disease (PID) Requiring Initial Intravenous Therapy","Study Of Azithromycin Intravenous Formulation Against Pelvic Inflammatory Disease (PID) In Japan","2009-05-01","2010-11-01","2010-11-01",TRUE,"Non-Randomized","None (Open Label)","INDUSTRY",TRUE,"Multicentric Local","Japan","HIC","maternal health"
99,"NCT01687114","2014-12-10","2012-09-13","2014-11-13","Interventional","Not Applicable",5,"Completed","Urinary Proanthocyanidin (PAC) A2 as a Biomarker of Compliance to Intake of Cranberry Products - A Pilot Study","Urinary Proanthocyanidin-A2 as a Biomarker of Compliance to Intake of Cranberry Products","2012-09-01","2014-04-01","2013-03-01",TRUE,NA,"None (Open Label)","OTHER",FALSE,"Monocentric","United States","HIC","maternal health"
100,"NCT01488955","2014-08-07","2011-12-07",NA,"Interventional","Phase 4",494,"Completed","Immediate vs. Conditional Use of Antibiotics in Uncomplicated Urinary Tract Infection (UTI) - a Comparative Effectiveness Study in General Practice (ICUTI)","Immediate vs. Conditional Use of Antibiotics in Uncomplicated Urinary Tract Infection (UTI) - ICUTI","2012-02-01","2014-07-01","2014-02-01",FALSE,"Randomized","Double","OTHER",TRUE,"Multicentric Local","Germany","HIC","maternal health"
1,"NCT02765087","2017-11-12","2016-05-04",NA,"Interventional","Not Applicable",100,"Unknown status","Diagnostic Utility of the E-Nose for Pleural TB","E-Nose: Diagnostic Tool for Pleural TB","2015-01-01","2017-12-01","2017-12-01",FALSE,"Non-Randomized","None (Open Label)","OTHER",FALSE,"Monocentric","Venezuela","LMIC","tuberculosis"
2,"NCT00679159","2010-02-08","2008-04-02",NA,"Interventional","Phase 2",168,"Completed","A Phase II Study Evaluating the Safety and Immunogenicity of a New TB Vaccine, MVA85A, in Healthy Children and Infants After BCG Vaccination at Birth","A Study of MVA85A in Healthy Children and Infants","2008-02-01","2009-12-01","2009-12-01",FALSE,"Non-Randomized","None (Open Label)","OTHER",FALSE,"Monocentric","South Africa","LMIC","tuberculosis"
3,"NCT03278483","2019-04-25","2017-08-07",NA,"Interventional","Phase 4",396,"Completed","Efficacy, Security, Adherence, Tolerability and Cost Effectiveness of Latent TB Treatment in Patients With TB/DM2","Efficacy, Security, Adherence, Tolerability and Cost Effectiveness of Latent TB Treatment in Patients With TB/DM2 (TBL)","2019-02-28","2019-02-28","2019-02-28",FALSE,"Randomized","None (Open Label)","OTHER",FALSE,"Monocentric","Mexico","LMIC","tuberculosis"
4,"NCT01241188","2015-04-16","2010-11-15",NA,"Interventional","Phase 2",253,"Completed","A Phase IIb Sensitivity Trial of the Diagnostic Agent C-Tb, When Given Intradermally by the Mantoux Technique to Adult Patients Recently Diagnosed With Active TB","A Trial of the C-Tb Skin Test, When Given Intradermally to Adult Patients Recently Diagnosed With Active Tuberculosis (TB)","2011-04-01","2011-12-01","2011-12-01",FALSE,"Randomized","Quadruple","OTHER",FALSE,"Monocentric","South Africa","LMIC","tuberculosis"
5,"NCT02121314","2015-04-07","2014-01-25",NA,"Interventional","Phase 2",20,"Completed","The Influence of Fasting and Food on the Pharmacokinetics of Isoniazid, Rifampicin, Pyrazinamide, and Ethambutol in Newly Diagnosed TB Patients","HRZE Fasted/Fed in Newly Diagnosed TB","2013-07-01","2014-06-01","2014-04-01",FALSE,"Randomized","None (Open Label)","OTHER",FALSE,"Monocentric","Indonesia","LMIC","tuberculosis"
6,"NCT01159886","2010-07-09","2010-07-09",NA,"Interventional","Not Applicable",216,"Unknown status","Patient-posture and Ileal-intubation During Colonoscopy (PIC): a Randomized Controlled Open-label Trial","Patient-posture and Ileal-intubation During Colonoscopy","2010-06-01","2011-03-01","2011-01-01",FALSE,"Randomized","None (Open Label)","OTHER",FALSE,"Monocentric","India","LMIC","tuberculosis"
7,"NCT04150224","2020-02-13","2019-10-18","2020-01-24","Interventional","Phase 1",60,"Completed","An Open-label, Prospective Study of Safety, Tolerability, Pharmacokinetics and Food Effects of PBTZ169, 80 mg Capsules, When Used in Ascending Doses in Healthy Volunteers","Safety, Tolerability, Pharmacokinetics and Food Effects Study of PBTZ169","2018-07-03","2019-02-01","2018-11-23",TRUE,"Randomized","None (Open Label)","INDUSTRY",FALSE,"Monocentric","Russian Federation","LMIC","tuberculosis"
8,"NCT03497195","2019-09-24","2018-04-06",NA,"Interventional","Not Applicable",18194,"Completed","Achieving TB Control In Zambia Through Scale Up Of Innovative Tools And Proven Active TB Case Finding Interventions","Achieving Tuberculosis (TB) Control In Zambia","2017-07-01","2018-12-31","2018-12-31",FALSE,"Non-Randomized","None (Open Label)","OTHER",FALSE,"Monocentric","Zambia","LMIC","tuberculosis"
9,"NCT02558842","2016-08-01","2015-09-22",NA,"Interventional","Not Applicable",160,"Completed","Intervention in the Management of Post-high Tuberculosis Hospital Through Educational Strategy and Oversight Distance in a Region With High Prevalence of the Disease: Randomized Clinical Trial","Intervention in the Management of Post-high Tuberculosis Hospital Through Educational Strategy and Oversight Distance","2013-03-01","2015-12-01","2015-09-01",FALSE,"Randomized","None (Open Label)","OTHER",FALSE,"Monocentric","Brazil","LMIC","tuberculosis"
10,"NCT01742364","2016-12-15","2012-11-30","2016-04-06","Interventional","Not Applicable",96,"Completed","A Randomized Clinical Trial in Adults and Newborns to Compare the Safety, Reactogenicity and Immunogenicity of BCG Administration Via a Disposable Syringe Jet Injector (DSJI) to BCG Administration Via Syringe and Needle","Comparative Study of Bacille Calmette Guerin (BCG) Delivery Via Disposable Syringe Jet Injector and Needle & Syringe","2012-12-01","2013-12-01","2013-12-01",TRUE,"Randomized","Single","OTHER",FALSE,"Monocentric","South Africa","LMIC","tuberculosis"
11,"NCT01779102","2015-04-16","2013-01-18",NA,"Interventional","Phase 2/Phase 3",456,"Completed","A Phase II/III Trial Investigating if Concomitant Injections of the Diagnostic Agents C-Tb and 2 T.U Tuberculin PPD RT 23 SSI Affect the Induration Responses in Combination With a Safety Assessment of C-Tb","Safety Study Investigating if Concomitant Injections of C-Tb and 2 T.U Tuberculin Affect Induration Responses","2013-10-01","2014-09-01","2014-09-01",FALSE,"Randomized","Quadruple","OTHER",TRUE,"Multicentric Local","South Africa","LMIC","tuberculosis"
12,"NCT03017378","2017-01-10","2017-01-04",NA,"Interventional","Phase 1",36,"Completed","A Randomized, Open Clinical Trial Phase 1 Vaccine TB/FLU-01L by Intranasal and Sublingual Application for Specific Immunotherapy Pulmonary Tuberculosis","Reactogenicity, Safety and Immunogenicity of a TB/FLU-01L Tuberculosis Vaccine","2013-10-01","2015-02-01","2014-04-01",FALSE,"Randomized","None (Open Label)","OTHER_GOV",FALSE,"Monocentric","Kazakhstan","LMIC","tuberculosis"
13,"NCT01782950","2015-04-10","2013-01-09",NA,"Interventional","Phase 4",400,"Unknown status","Evaluation of the Pharmacokinetics of Antituberculosis Drugs and Tuberculosis Treatment Outcomes in HIV-tuberculosis Co-infected Ugandan Adults","Evaluation of the Pharmacokinetics of Antituberculosis Drugs and Tuberculosis Treatment Outcomes","2013-02-01","2016-03-01","2016-03-01",FALSE,NA,"None (Open Label)","OTHER",FALSE,"Monocentric","Uganda","LMIC","tuberculosis"
14,"NCT02375698","2019-10-28","2015-02-20","2019-08-22","Interventional","Phase 1",22,"Completed","A Phase I, Double-blind, Randomized, Placebo-controlled, Study to Evaluate the Safety and Immunogenicity of AERAS-456 in HIV Negative Adults Successfully Treated for Drug-susceptible Pulmonary Tuberculosis","A Phase I Study of Safety & Immunogenicity of AERAS-456 in HIV-Neg. Adults Treated for Drug-susceptible Pulmonary TB","2014-11-21","2016-10-24","2016-06-24",TRUE,"Randomized","Triple","OTHER",TRUE,"Multicentric Local","South Africa","LMIC","tuberculosis"
15,"NCT01865487","2019-12-03","2013-05-21","2019-04-23","Interventional","Phase 1/Phase 2",98,"Completed","A Phase I/IIa Double-Blind, Randomized, Placebo-controlled Dose-Finding Study to Evaluate the Safety and Immunogenicity of AERAS-456 in HIV-Negative Adults With and Without Latent Tuberculosis Infection","A Phase I/IIa AERAS-456 in HIV-Negative Adults With & Without Latent Tuberculosis Infection (C-035-456)","2013-08-01","2015-11-01","2015-08-01",TRUE,"Randomized","Quadruple","OTHER",TRUE,"Multicentric Local","South Africa","LMIC","tuberculosis"
16,"NCT01583972","2014-08-22","2012-04-14",NA,"Interventional","Not Applicable",300,"Completed","Efficacy of Newborn Vitamin A Supplementation in Improving Immune Function","Efficacy of Newborn Vitamin A Supplementation in Improving Immune Function","2012-01-01","2014-08-01","2013-07-01",FALSE,"Randomized","Quadruple","FED",FALSE,"Monocentric","Bangladesh","LMIC","tuberculosis"
17,"NCT00857116","2013-08-28","2009-03-05",NA,"Interventional","Not Applicable",140,"Completed","The Impact of Deworming on Host Immunity and Clinical Outcome in Patients With Pulmonary Tuberculosis","Deworming Against Tuberculosis","2009-03-01","2013-08-01","2013-06-01",FALSE,"Randomized","Quadruple","OTHER_GOV",FALSE,"Monocentric","Ethiopia","LMIC","tuberculosis"
18,"NCT00617643","2010-12-03","2008-02-05",NA,"Interventional","Phase 4",18,"Completed","Comparison of Nevirapine Levels With and Without Dose Escalation in HIV-infected Patients Commencing Antiretroviral Therapy Who Are Also Receiving Rifampicin Based Anti-tuberculous Therapy","Nevirapine Drug Levels in HIV Positive Patients Also Receiving Rifampicin for Tuberculosis","2008-05-01","2010-12-01","2009-06-01",FALSE,"Randomized","None (Open Label)","OTHER",FALSE,"Monocentric","Uganda","LMIC","tuberculosis"
19,"NCT02901288","2017-03-16","2016-09-02",NA,"Interventional","Phase 4",3900,"Unknown status","Shortened Regimens for First Diagnosed Smear Positive Drug Susceptible Pulmonary Tuberculosis: a Randomised Controlled Non-inferiority Trial","Shortened Regimens for Drug-susceptible Pulmonary Tuberculosis","2016-08-01","2018-12-01","2018-12-01",FALSE,"Randomized","None (Open Label)","OTHER",TRUE,"Multicentric Local","China","LMIC","tuberculosis"
20,"NCT01650389","2015-09-29","2012-07-23",NA,"Interventional","Phase 2",248,"Completed","Phase II Randomised Controlled Trial to Evaluate Safety and Immunogenicity of MVA85A and Selective, Delayed Bacille Calmette-Guerin (BCG) Vaccination in Infants of HIV Infected Mothers","Safety and Immunogenicity of MVA85A Prime and Bacille Calmette-Guerin Boost Vaccination","2012-10-01","2015-05-01","2015-05-01",FALSE,"Randomized","Quadruple","OTHER",TRUE,"Multicentric Local","South Africa","LMIC","tuberculosis"
21,"NCT01663168","2012-08-08","2012-07-30",NA,"Interventional","Phase 2",140,"Unknown status","Toxicity and Pharmacokinetics of Different Rifabutin Doses in HIV-infected Adults and Adolescents Taking Lopinavir / Ritonavir as Second-line Anti-retroviral Therapy (ART) (EARNEST Rifabutin PK Substudy)","EARNEST Rifabutin Pharmacokinetics (PK) Substudy","2011-12-01","2014-01-01","2014-01-01",FALSE,"Randomized","None (Open Label)","OTHER_GOV",TRUE,"Multicentric Local","Uganda","LMIC","tuberculosis"
22,"NCT03919812","2019-04-17","2019-04-15",NA,"Interventional","Not Applicable",60,"Completed","Immunomodulatory Effect of Vitamin D Supplementation on Monocyte in Major Beta-thalassemia","Immunomodulatory Vitamin D in Thalassemia","2018-04-01","2018-08-15","2018-07-15",FALSE,NA,"None (Open Label)","OTHER",FALSE,"Monocentric","Indonesia","LMIC","tuberculosis"
23,"NCT01934309","2023-03-23","2013-08-29",NA,"Interventional","Not Applicable",3782,"Completed","Does Providing Medical Personnel in the AMPATH Network With Patient-specific Reminders Regarding TB That Are Generated From a Patient's EMR Improve the Prevalence of IPT Initiation and Decrease the Time From Screening to Treatment?","Clinical Decision-support Reminders to Improve IPT Initiation Among HIV Positive Adults in Western Kenya","2013-09-01","2014-08-01","2014-08-01",FALSE,"Randomized","Quadruple","OTHER",FALSE,"Monocentric","Kenya","LMIC","tuberculosis"
24,"NCT02120638","2014-04-21","2014-04-21",NA,"Interventional","Phase 3",100,"Unknown status","Optimization of MDR-TB Treatment Regimen Based on the Molecular Drug Susceptibility Results of Pyrazinamide","Optimization of MDR-TB Treatment Regimen Based on the Molecular Drug Susceptibility Results of Pyrazinamide","2014-04-01","2016-04-01","2016-04-01",FALSE,"Non-Randomized","None (Open Label)","OTHER",TRUE,"Multicentric Local","China","LMIC","tuberculosis"
25,"NCT01635153","2020-08-05","2012-05-23","2020-06-11","Interventional","Not Applicable",151,"Completed","Randomized Controlled Trial of a Protein-calorie Supplement for HIV-infected Women With Tuberculosis","Effects of a Protein Calorie Supplement in HIV-infected Women With Tuberculosis","2012-05-01","2014-07-01","2014-07-01",TRUE,"Randomized","None (Open Label)","OTHER",FALSE,"Monocentric","Tanzania","LMIC","tuberculosis"
26,"NCT02430506","2016-04-25","2015-04-27",NA,"Interventional","Phase 1",20,"Completed","A Phase I Randomized Placebo-controlled Double-blind Study to Evaluate Safety and Immunogenicity of AERAS-402 Administered in HIV-negative, BCG-vaccinated, QuantiFERON®-TB Gold (+) and QuantiFERON®-TB Gold (-) Adults Without Evidence of Tuberculosis.","A Study to Evaluate Safety and Immunogenicity of AERAS-402 Administered in HIV-negative, BCG-vaccinated, QFT (+) and (-) Adults Without Evidence of TB","2008-09-01","2010-07-01","2009-06-01",FALSE,"Randomized","Quadruple","OTHER",FALSE,"Monocentric","Kenya","LMIC","tuberculosis"
27,"NCT01014481","2011-11-16","2009-11-16",NA,"Interventional","Phase 4",156,"Terminated","Initiation of a Once Daily Regimen of Tenofovir, Lamivudine and Efavirenz After 4 Weeks Versus 12 Weeks of Tuberculosis Treatment in HIV-1 Infected Patients (Time Study)","Appropriate Timing of HAART in Co-infected HIV/TB Patients","2009-10-01","2011-05-01","2011-05-01",FALSE,"Randomized","None (Open Label)","OTHER_GOV",FALSE,"Monocentric","Thailand","LMIC","tuberculosis"
28,"NCT02043080","2017-08-02","2014-01-16",NA,"Interventional","Not Applicable",1436,"Completed","CIDRZ 1201 - Optimizing Clinical Outcomes in HIV-Infected Adults & Children Using Xpert MTB/RIF in Zambia","Optimizing Clinical Outcomes in HIV-Infected Adults & Children","2012-08-01","2017-04-01","2016-03-01",FALSE,"Randomized","None (Open Label)","OTHER",FALSE,"Monocentric","Zambia","LMIC","tuberculosis"
29,"NCT02729571","2018-04-30","2016-03-15",NA,"Interventional","Phase 1/Phase 2",54,"Completed","A Randomized, Double-blind, Dose-escalation Clinical Trial of the Safety, Reactogenicity and Immunogenicity of MTBVAC Compared to BCG Vaccine SSI, in Newborns Living in a Tuberculosis Endemic Region With a Safety Arm in Adults","Dose-escalation Safety and Immunogenicity Study to Compare MTBVAC to BCG in Newborns With a Safety Arm in Adults","2015-09-01","2018-03-01","2016-09-01",FALSE,"Randomized","Quadruple","INDUSTRY",FALSE,"Monocentric","South Africa","LMIC","tuberculosis"
30,"NCT02684240","2020-08-03","2016-02-02",NA,"Interventional","Phase 2",30,"Completed","A 14 Day Early Bactericidal Activity Study of Nitazoxanide for the Treatment of Tuberculosis","A 14 Day Early Bactericidal Activity Study of Nitazoxanide for the Treatment of Tuberculosis","2016-02-01","2018-04-11","2018-04-11",FALSE,"Randomized","Single","OTHER",FALSE,"Monocentric","Haiti","LMIC","tuberculosis"
31,"NCT01589497","2018-03-12","2012-04-30","2017-01-24","Interventional","Phase 2",69,"Completed","Essentiality of Isoniazid in Tuberculosis Therapy","Essentiality of INH in TB Therapy","2015-06-30","2016-02-10","2016-01-28",TRUE,"Randomized","None (Open Label)","NETWORK",TRUE,"Multicentric Local","South Africa","LMIC","tuberculosis"
32,"NCT00810849","2014-09-02","2008-12-17",NA,"Interventional","Phase 3",1400,"Completed","A Trial of Adjunctive Prednisolone and Mycobacterium w Immunotherapy in Tuberculous Pericarditis","A Trial of Adjunctive Prednisolone and Mycobacterium w Immunotherapy in Tuberculous Pericarditis","2008-12-01","2014-08-01","2014-02-01",FALSE,"Randomized","Quadruple","OTHER",FALSE,"Monocentric","South Africa","LMIC","tuberculosis"
33,"NCT01288950","2012-08-20","2011-02-01",NA,"Interventional","Not Applicable",49,"Completed","Vitamin D Supplementation Enhances Immune Response to BCG Vaccination in Infants","Vitamin D Supplementation Enhances Immune Response to Bacille-Calmette-Guerin (BCG) Vaccination in Infants","2011-02-01","2012-07-01","2012-07-01",FALSE,"Randomized","Double","OTHER",FALSE,"Monocentric","Mexico","LMIC","tuberculosis"
34,"NCT02349841","2018-09-11","2015-01-23",NA,"Interventional","Phase 2",46,"Completed","A Phase 2 Trial to Evaluate the Early Bactericidal Activity, Safety and Tolerability of Meropenem, Administered Intravenously, Plus Amoxycillin/CA and Faropenem, Administered Orally, Plus Amoxycillin/CA in Adult Patients With Newly Diagnosed, Smear-positive Pulmonary Tuberculosis.","Phase 2 Trial to Evaluate the Early Bactericidal Activity, Safety and Tolerability of Meropenem Plus Amoxycillin/CA and Faropenem Plus Amoxycillin/CA in Adult Patients With Newly Diagnosed Pulmonary Tuberculosis","2014-09-01","2014-12-01","2014-12-01",FALSE,"Randomized","None (Open Label)","OTHER",FALSE,"Monocentric","South Africa","LMIC","tuberculosis"
35,"NCT02533089","2020-03-23","2015-08-20","2020-03-10","Interventional","Not Applicable",1153,"Completed","Training Lay Healthcare Workers to Optimize TB Care and Improve Outcomes in Malawi","Training Lay Healthcare Workers to Optimize TB Care and Improve Outcomes in Malawi","2016-05-01","2018-02-01","2018-02-01",TRUE,"Randomized",NA,"OTHER",FALSE,"Monocentric","Malawi","LMIC","tuberculosis"
36,"NCT01098474","2019-06-11","2010-03-18","2016-11-08","Interventional","Phase 2",301,"Completed","Safety and Immunogenicity Study of GSK Biologicals' Candidate Tuberculosis Vaccine (692342) When Administered to Healthy Infants","Safety and Immunogenicity Study of a Candidate Tuberculosis Vaccine in Healthy Infants","2010-07-07","2012-03-16","2011-04-30",TRUE,"Randomized","None (Open Label)","INDUSTRY",FALSE,"Monocentric","Gambia","LMIC","tuberculosis"
37,"NCT01545661","2012-12-21","2011-07-07",NA,"Interventional","Not Applicable",517,"Completed","A Randomised Control Trial of Sputum Induction, and New and Emerging Technologies in a High HIV Prevalence Primary Care Setting","Utility of Sputum Induction and Novel Technologies to Improve TB Diagnosis in a High HIV Prevalence Primary Care Setting","2009-08-01","2012-05-01","2012-05-01",FALSE,"Randomized","None (Open Label)","OTHER",FALSE,"Monocentric","South Africa","LMIC","tuberculosis"
38,"NCT02768909","2016-05-09","2016-04-11",NA,"Interventional","Not Applicable",250,"Unknown status","Diagnostic Trial to Validate the Use of the E-Nose in Pulmonary TB","Diagnostic Trial to Validate the Use of the E-Nose in Pulmonary TB","2015-01-01","2017-02-01","2016-12-01",FALSE,"Non-Randomized","None (Open Label)","OTHER",FALSE,"Monocentric","Venezuela","LMIC","tuberculosis"
39,"NCT02536768","2019-07-29","2015-08-26",NA,"Interventional","Not Applicable",8020,"Completed","Evaluation of the National Department of Health's National Adherence Guidelines for Chronic Diseases in South Africa Using Routinely Collected Data","Evaluation of South Africa's National Adherence Strategy","2015-09-01","2018-04-30","2018-04-30",FALSE,"Randomized","None (Open Label)","OTHER",FALSE,"Monocentric","South Africa","LMIC","tuberculosis"
40,"NCT01459120","2012-02-08","2011-10-18",NA,"Interventional","Not Applicable",1800,"Completed","Comparing Door-to-door Versus Community Gathering in Providing HIV Counseling and Testing Within an Integrated Primary Health Care Package: a Cluster Randomized Trial in Rural Lesotho","Comparison of Door-to-door Versus Community Gathering to Provide HIV Counseling and Testing Services in Rural Lesotho","2011-10-01","2012-02-01","2012-02-01",FALSE,"Randomized","None (Open Label)","OTHER",TRUE,"Multicentric Local","Lesotho","LMIC","tuberculosis"
41,"NCT01841541","2013-04-25","2013-04-24",NA,"Interventional","Not Applicable",380,"Completed","Triage Plus for TB: Improving Community-Based Provision for TB in Africa. The Impact of Involving Informal Health Providers for Tuberculosis Control in Sudan","The Impact of Involving Informal Health Providers for Tuberculosis Control in Sudan","2009-01-01","2012-04-01","2012-03-01",FALSE,"Randomized","None (Open Label)","OTHER",FALSE,"Monocentric","Sudan","LMIC","tuberculosis"
42,"NCT02953847","2017-05-09","2016-09-05",NA,"Interventional","Phase 1",21,"Completed","The Bioavailability of Rifampicin in Fixed Dose Combinations (FDCs) Widely Used in South Africa to Treat Drug-susceptible Tuberculosis (TB)","The Bioavailability of Rifampicin in (FDCs) Widely Used in South Africa to Treat Drug-susceptible (TB)","2016-11-01","2017-02-01","2017-02-01",FALSE,"Randomized","None (Open Label)","OTHER",FALSE,"Monocentric","South Africa","LMIC","tuberculosis"
43,"NCT01130311","2011-06-27","2010-05-25",NA,"Interventional","Not Applicable",259,"Completed","A Randomized, Placebo-Controlled, Double-Blinded, 250-Subject Clinical Trial of Vitamin D Replacement in Patients With Pulmonary Tuberculosis","Replacement of Vitamin D in Patients With Active Tuberculosis","2009-10-01","2010-12-01","2010-04-01",FALSE,"Randomized","Triple","OTHER",TRUE,"Multicentric Local","Pakistan","LMIC","tuberculosis"
44,"NCT00771498","2015-05-15","2008-10-10",NA,"Interventional","Phase 4",30,"Completed","An Evaluation of the Pharmacological Interaction of Lopinavir 800mg - Ritonavir 200mg Combination and Rifampin in Subjects Presenting Tuberculosis, With Contraindication for Antiretroviral Regimens Including Efavirenz","An Evaluation of the Pharmacological Interaction of Lopinavir/r and Rifampin","2008-11-01","2012-12-01","2012-12-01",FALSE,NA,"None (Open Label)","OTHER",TRUE,"Multicentric Local","Brazil","LMIC","tuberculosis"
45,"NCT01154959","2021-04-13","2010-06-30",NA,"Interventional","Phase 3",120,"Completed","Characterization of Immune Responses in Treatment-induced Latency in Pulmonary Tuberculosis","Latency in Pulmonary Tuberculosis","2010-02-01","2016-07-01","2015-12-01",FALSE,"Randomized","None (Open Label)","OTHER_GOV",FALSE,"Monocentric","India","LMIC","tuberculosis"
46,"NCT03027154","2018-04-10","2017-01-19",NA,"Interventional","Phase 3",96,"Completed","For Tuberculosis (TB) Clinical Auxiliary Diagnosis of Recombinant Mycobacterium Tuberculosis Allergen ESAT6-CFP10 Dose Certain Phase III Clinical Research in Children Under the Age of 18 Years Old","Clinical Study of Recombinant Mycobacterium Tuberculosis ESAT6-CFP10 Allergen for Children","2016-10-01","2018-03-01","2017-10-01",FALSE,"Randomized","Double","INDUSTRY",TRUE,"Multicentric Local","China","LMIC","tuberculosis"
47,"NCT01380119","2013-10-25","2011-06-21",NA,"Interventional","Phase 2",40,"Completed","Phase 2 Study of Orally Formulated Heat-killed Mycobacterium Vaccae Study in TB Patients","Tuberculosis (TB) Immunotherapy Phase 2 Study","2011-08-01","2012-08-01","2012-08-01",FALSE,"Randomized","Quadruple","OTHER",FALSE,"Monocentric","Ukraine","LMIC","tuberculosis"
48,"NCT01802502","2014-06-15","2013-02-27",NA,"Interventional","Phase 2",30,"Completed","Explorative PK Study Comparing 600 mg Rifampicin i.v. With 750 mg and 900 mg Rifampicin Oral in Tuberculous Meningitis Patients","Rifampicin Explorative PK Study for Tuberculous Meningitis Comparing Oral and Intravenous Preparation","2013-06-01","2014-04-01","2013-10-01",FALSE,"Randomized","None (Open Label)","OTHER",FALSE,"Monocentric","Indonesia","LMIC","tuberculosis"
49,"NCT00698386","2009-09-14","2008-06-13",NA,"Interventional","Phase 3",150,"Unknown status","Efficacy of Oral Zinc Administration as an Adjunct Therapy in Category I Pulmonary Tuberculosis Along With Assessment of Immunological Parameters (Double-blind, Randomized, Placebo-Controlled, Multicenter Clinical Trial","Efficacy of Oral Zinc Administration as an Adjunct Therapy in New Pulmonary Tuberculosis (Category I) Patients","2008-02-01","2009-09-01","2009-09-01",FALSE,"Randomized","Double","OTHER_GOV",FALSE,"Monocentric","India","LMIC","tuberculosis"
50,"NCT02114684","2019-06-11","2014-01-29","2019-02-27","Interventional","Phase 1/Phase 2",197,"Completed","An Open Label Randomized Controlled Clinical Trial Comparing a 24Week Oral Regimen Containing Moxifloxacin With a 24 Week Standard Drug Regimen for the Treatment of Smear-positive Pulmonary Tuberculosis in Patients Previously Treated for TB","Improving Retreatment Success (IMPRESS)","2013-11-01","2017-07-17","2017-07-01",TRUE,"Randomized","None (Open Label)","NETWORK",FALSE,"Monocentric","South Africa","LMIC","tuberculosis"
51,"NCT01800487","2013-12-23","2013-02-21",NA,"Interventional","Not Applicable",80,"Completed","The Efficacy of Silymarin on the Prevention of Hepatotoxicity From Antituberculosis Drugs","The Efficacy of Silymarin on the Prevention of Hepatotoxicity From Antituberculosis Drugs","2012-01-01","2013-07-01","2013-06-01",FALSE,"Randomized","Quadruple","OTHER",FALSE,"Monocentric","Thailand","LMIC","tuberculosis"
52,"NCT00608790","2012-07-23","2008-01-31",NA,"Interventional","Not Applicable",600,"Unknown status","Diagnostic Yield of Induced Sputum for Rapid Diagnosis of Pulmonary Tuberculosis","Rapid Diagnosis of Pulmonary Tuberculosis","2008-02-01","2013-04-01","2012-12-01",FALSE,"Non-Randomized","None (Open Label)","OTHER",FALSE,"Monocentric","South Africa","LMIC","tuberculosis"
53,"NCT01979900","2018-05-30","2013-11-04",NA,"Interventional","Phase 3",10000,"Completed","Phase III Clinical Study of Efficacy and Safety of Mycobacterium Vaccae to Prevent Tuberculosis in High Risk Groups of Tuberculosis Infection","Phase III Clinical Study of Efficacy and Safety of Vaccae™ to Prevent Tuberculosis","2013-10-01","2017-11-26","2017-11-26",FALSE,"Randomized","Double","INDUSTRY",TRUE,"Multicentric Local","China","LMIC","tuberculosis"
54,"NCT02378207","2019-10-28","2015-02-12","2019-09-03","Interventional","Phase 1",84,"Completed","A Randomized, Placebo-controlled, Partially Blinded Phase 1b Clinical Trial to Evaluate the Safety and Immunogenicity of BCG Revaccination, H4:IC31, and H56:IC31 in Healthy, HIV-1-Uninfected Adolescent Participants","Safety and Immunogenicity Study of BCG, H4:IC31, and H56:IC31 Revaccination in Healthy Adolescents","2015-05-01","2016-12-09","2016-10-31",TRUE,"Randomized","Quadruple","OTHER",FALSE,"Monocentric","South Africa","LMIC","tuberculosis"
55,"NCT01693224","2012-09-23","2012-09-23",NA,"Interventional","Not Applicable",512,"Unknown status","Feasibility of Using the Inverness Lateral Flow Urine LAM Test for Diagnosis of Tuberculosis in HIV-Positive TB Suspects in Cape Town, South Africa","Feasibility of a Lateral Flow Urine LAM Test for Diagnosis of Tuberculosis in South Africa","2011-04-01","2013-02-01","2013-02-01",FALSE,NA,"None (Open Label)","NETWORK",TRUE,"Multicentric Local","South Africa","LMIC","tuberculosis"
56,"NCT02169570","2014-06-19","2014-06-16",NA,"Interventional","Phase 4",435,"Unknown status","Effect of Supplementary Vitamin D in Patients With Diabetes Mellitus and Pulmonary Tuberculosis (EVIDENT Study): a Randomized, Double Blind, Controlled Trial","Effect of Supplementary Vitamin D in Patients With Diabetes Mellitus and Pulmonary Tuberculosis","2014-12-01","2017-12-01","2016-12-01",FALSE,"Randomized","Triple","OTHER",FALSE,"Monocentric","Pakistan","LMIC","tuberculosis"
57,"NCT01136161","2013-01-23","2010-05-31",NA,"Interventional","Phase 2",95,"Completed","Double-Blind, Randomized, Placebo-Controlled Phase II Clinical Trial to Investigate the Safety, Tolerability, and Immunogenicity of the Novel Antituberculous Vaccine RUTI® Following One Month of Isoniazid Treatment in Subjects With Latent Tuberculosis Infection","Clinical Trial to Investigate the Safety, Tolerability, and Immunogenicity of the Novel Antituberculous Vaccine RUTI® Following One Month of Isoniazid Treatment in Subjects With Latent Tuberculosis Infection","2010-06-01","2011-05-01","2011-05-01",FALSE,"Randomized","Quadruple","INDUSTRY",TRUE,"Multicentric Local","South Africa","LMIC","tuberculosis"
58,"NCT00972699","2013-05-01","2009-09-04",NA,"Interventional","Phase 2",1200,"Completed","Mentor Mothers: A Sustainable Family Intervention in South African Townships","Mentor Mothers: A Sustainable Family Intervention in South African Townships","2008-07-01","2011-12-01","2011-12-01",FALSE,"Randomized","None (Open Label)","OTHER",FALSE,"Monocentric","South Africa","LMIC","tuberculosis"
59,"NCT02060006","2014-04-02","2014-02-07",NA,"Interventional","Phase 3",200,"Unknown status","A Double-Blind Randomized Placebo Controlled Trial for Prevention of Tuberculosis-Immune Reconstitution Inflammatory Syndrome With Non-Steroid Anti-Inflammatory Drugs (NSAIDs) in HIV-Infected Adults","TB-IRIS NSAID Cox-2 Inhibitor Prevention Trial","2014-04-01","2015-04-01","2015-04-01",FALSE,"Randomized","Quadruple","OTHER",FALSE,"Monocentric","South Africa","LMIC","tuberculosis"
60,"NCT02627209","2015-12-09","2015-11-26",NA,"Interventional","Not Applicable",280,"Unknown status","Non-infectious and Infectious Uveitis Diagnosis","The Serum Angiotensin Converting Enzyme and Lysozyme Levels in Patients Non-infectious and Infectious Uveitis","2014-06-01","2017-01-01","2016-02-01",FALSE,"Non-Randomized","None (Open Label)","OTHER",FALSE,"Monocentric","Turkey","LMIC","tuberculosis"
61,"NCT03918226","2019-04-15","2019-04-15",NA,"Interventional","Not Applicable",80,"Completed","Acute Presentation and Management of Abdominal Tuberculosis: A Ten-year Experience at a Tertiary Care Center in Pakistan","Acute Presentation and Management of Abdominal Tuberculosis: A Ten-year Experience at a Tertiary Care Center in Pakistan","2008-05-01","2018-04-30","2018-04-30",FALSE,NA,"None (Open Label)","OTHER_GOV",FALSE,"Monocentric","Pakistan","LMIC","tuberculosis"
62,"NCT02075203","2019-08-22","2014-02-17","2019-02-14","Interventional","Phase 2",989,"Completed","A Randomized, Placebo Controlled, Partially Blinded Phase II Study to Evaluate Safety, Immunogenicity, and Prevention of Infection With Mycobacterium Tuberculosis of AERAS-404 and BCG Revaccination in Healthy Adolescents","Evaluation of Safety, Immunogenicity, and Prevention of TB With AERAS-404 and BCG Revaccination in Healthy Adolescents","2014-02-01","2017-10-06","2017-08-28",TRUE,"Randomized","Quadruple","OTHER",TRUE,"Multicentric Local","South Africa","LMIC","tuberculosis"
63,"NCT02391415","2018-04-17","2015-03-05",NA,"Interventional","Phase 2",416,"Completed","Phase II Double-blind, Randomized, Controlled Study to Evaluate Safety and Immunogenicity of VPM1002 Compared With BCG in HIV-exposed and HIV-unexposed, BCG-naive Newborn Infants","Study to Evaluate the Safety and Immunogenicity of VPM1002 in Comparison With BCG in HIV-exposed/-Unexposed Newborn Infants in South Africa","2015-06-01","2017-11-01","2017-11-01",FALSE,"Randomized","Triple","INDUSTRY",TRUE,"Multicentric Local","South Africa","LMIC","tuberculosis"
64,"NCT00507000","2011-01-26","2007-07-23",NA,"Interventional","Phase 3",150,"Unknown status","Role of Oral Vitamin D as an Adjunct Therapy in Category I Pulmonary Tuberculosis Along With Assessment of Immunological Parameters. (Double-blind, Randomized, Placebo-Controlled, Clinical Trial)","Pulmonary Tuberculosis and Vitamin D","2008-05-01","2012-09-01","2010-09-01",FALSE,"Randomized","Triple","OTHER_GOV",FALSE,"Monocentric","India","LMIC","tuberculosis"
65,"NCT00677339","2012-01-17","2008-05-12",NA,"Interventional","Phase 3",200,"Completed","Phase 3 Trial of Oral L-arginine and / or Vitamin D as Adjunctive Therapies in Pulmonary Tuberculosis in Papua Province, Indonesia.","L-arginine and Vitamin D Adjunctive Therapy in Pulmonary Tuberculosis (TB)","2008-06-01","2010-05-01","2010-02-01",FALSE,"Randomized","Quadruple","OTHER",FALSE,"Monocentric","Indonesia","LMIC","tuberculosis"
66,"NCT02389322","2017-03-15","2015-03-05",NA,"Interventional","Phase 2",1044,"Completed","Phase IIb Clinical Study of Recombinant Mycobacterium Tuberculosis Allergen ESAT6-CFP10 on Healthy People Aged 18-65,Adopting Randomized Blinded and Parallel Controlled Method","Phase IIb Clinical Study of Recombinant Mycobacterium Tuberculosis Allergen ESAT6-CFP10 on Healthy People Aged 18-65","2015-03-01","2015-09-01","2015-07-01",FALSE,"Randomized","Double","INDUSTRY",FALSE,"Monocentric","China","LMIC","tuberculosis"
67,"NCT00850915","2013-05-17","2009-02-24",NA,"Interventional","Phase 4",1259,"Completed","Feasibility and Effectiveness of Community Based Isoniazid Preventive Therapy in Kenya","Feasibility and Effectiveness of Community Based Isoniazid Preventive Therapy in Kenya","2009-04-01","2012-11-01","2012-11-01",FALSE,"Randomized","None (Open Label)","OTHER",TRUE,"Multicentric Local","Kenya","LMIC","tuberculosis"
68,"NCT01521364","2013-05-27","2011-09-13","2013-01-17","Interventional","Phase 4",7,"Completed","The Pharmacokinetic Effect of Clarithromycin on the AUC0-12h of Linezolid in Multidrug-resistant and Extensively Drug-resistant Tuberculosis (MDR/XDR-TB) Patients","Drug Interaction Study Between Linezolid and Clarithromycin in Tuberculosis Patients","2011-12-01","2012-11-01","2012-10-01",TRUE,NA,"None (Open Label)","OTHER",FALSE,"Monocentric","Netherlands","HIC","tuberculosis"
69,"NCT00990990","2013-08-27","2009-10-06",NA,"Interventional","Phase 1",59,"Completed","A Phase 1, Double-Blind, Randomized, Placebo-Controlled Study To Evaluate The Safety, Tolerability, Pharmacokinetics And Pharmacodynamics Of PNU-100480 (PF-02341272) After Administration Of Multiple Escalating Oral Doses To Healthy Adult Subjects","Safety, Tolerability, Pharmacokinetics And Measurement Of Whole Blood Activity (WBA) Of PNU-100480 After Multiple Oral Doses In Healthy Adult Volunteers","2009-10-01","2010-05-01","2010-05-01",FALSE,"Randomized","Double","INDUSTRY",FALSE,"Monocentric","United States","HIC","tuberculosis"
70,"NCT02175134","2018-08-28","2014-06-25",NA,"Interventional","Not Applicable",2,"Terminated","IFN-gamma-releasing Assay Based Approach in Patients With Suspected Tuberculous Peritonitis","IFN-gamma-releasing Assay Based Approach in Patients With Suspected Tuberculous Peritonitis","2014-07-01","2018-06-01","2018-06-01",FALSE,"Randomized","None (Open Label)","OTHER",FALSE,"Monocentric","Korea, Republic of","HIC","tuberculosis"
71,"NCT01162486","2019-01-29","2010-07-13","2014-11-20","Interventional","Phase 1",37,"Completed","Phase I Dose Escalation Study of the Pharmacokinetics, Safety and Tolerability of Rifapentine and the Effects of Increasing Doses of Rifapentine on Induction of Metabolizing Enzymes in Healthy Volunteers","Pharmacokinetics, Safety and Tolerability of Escalating Rifapentine Doses in Healthy Volunteers","2010-04-01","2011-03-01","2011-02-01",TRUE,"Non-Randomized","None (Open Label)","OTHER",FALSE,"Monocentric","United States","HIC","tuberculosis"
72,"NCT02778828","2019-02-01","2016-05-12",NA,"Interventional","Not Applicable",31,"Completed","Determination of Pharmacokinetic and Therapeutic Adaptation of Linezolid in the Treatment of Multi-Resistant Tuberculosis MDR-TB","Pharmacokinetic and Therapeutic Adaptation of Linezolid in the Treatment of Multi-Resistant Tuberculosis","2015-11-04","2018-12-31","2017-12-31",FALSE,NA,"None (Open Label)","OTHER",FALSE,"Monocentric","France","HIC","tuberculosis"
73,"NCT01011543","2018-08-02","2009-10-05",NA,"Interventional","Not Applicable",160,"Completed","Comparison of Induced Sputum and Bronchoscopic Approach (BAL, Fluoroscopy-guided Transbronchial Biopsies) in Patients Suspected of Pulmonary Tuberculosis With Negative Direct Exam on Three Consecutive Non-induced Sputum Samples","Induced Sputum Versus Bronchoscopy in Smear Negative Pulmonary Tuberculosis","2009-08-01","2015-12-01","2015-12-01",FALSE,"Non-Randomized","None (Open Label)","OTHER",FALSE,"Monocentric","Belgium","HIC","tuberculosis"
74,"NCT02090374","2021-11-03","2014-03-11","2020-07-13","Interventional","Not Applicable",93,"Completed","Development of Human Nasal Challenge Models With Microbial Constituents and Grass Pollen: Monophosphoryl lipidA, Poly-inosine-cytosine, Poly-inosine-cytosine Stabilised With Poly-L-lysine and Carboxymethylcellulose, Resiquimod, Tuberculin and Timothy Grass Pollen","Development of Human Nasal Challenge Models With Microbial Constituents and Grass Pollen","2014-03-01","2017-03-01","2017-03-01",TRUE,"Non-Randomized","None (Open Label)","OTHER",FALSE,"Monocentric","United Kingdom","HIC","tuberculosis"
75,"NCT01181856","2011-03-25","2010-08-11",NA,"Interventional","Phase 1",24,"Completed","Safety and Immunogenicity of Candidate Tuberculosis (TB) Vaccine MVA85A Administered by the Intramuscular Route and the Intradermal Route: a Phase I Randomised Active Controlled Trial","Safety of Tuberculosis Vaccine, MVA85A, Administered by the Intramuscular Route and the Intradermal Route","2010-01-01","2011-01-01","2011-01-01",FALSE,"Randomized","None (Open Label)","OTHER",FALSE,"Monocentric","United Kingdom","HIC","tuberculosis"
76,"NCT01242475","2013-01-18","2010-11-16",NA,"Interventional","Phase 2",151,"Completed","A Phase IIa Specificity Trial of the Diagnostic Agent C-Tb, When Given Intradermally by the Mantoux Technique to Healthy Volunteers Previously Vaccinated With BCG","A Trial of the C-Tb Skin Test, When Given Intradermally to Healthy Volunteers Previously Vaccinated With BCG","2011-04-01","2011-11-01","2011-11-01",FALSE,"Randomized","Quadruple","OTHER",FALSE,"Monocentric","United Kingdom","HIC","tuberculosis"
77,"NCT02861768","2023-04-20","2016-08-05",NA,"Interventional","Not Applicable",991,"Completed","Improving the Diagnostic of Tuberculosis","Improving the Diagnostic of Tuberculosis","2013-03-22","2019-02-08","2019-02-08",FALSE,NA,"None (Open Label)","OTHER",FALSE,"Monocentric","France","HIC","tuberculosis"
78,"NCT01135043","2010-05-28","2010-05-28",NA,"Interventional","Phase 4",188,"Unknown status","The Impact of the Simple Verbal Intervention for Adequately Collecting Sputum and the Acceptable Specimen Based on Gram Stain, on the Results of Sputum Acid-fast Bacilli Smear Testing","Simple Verbal Intervention for Adequately Collecting Sputum","2009-07-01","2010-09-01","2010-06-01",FALSE,"Randomized","None (Open Label)","OTHER",FALSE,"Monocentric","Korea, Republic of","HIC","tuberculosis"
79,"NCT00811343","2014-01-06","2008-12-18",NA,"Interventional","Not Applicable",430,"Completed","Impact of New Immunological Diagnosis Tests of Latent Tuberculosis in Adults Patients Who Need Anti TNF Therapy.","Impact of New Immunological Diagnosis Tests of Latent Tuberculosis Before Anti TNF Therapy","2008-12-01","2012-06-01","2010-12-01",FALSE,NA,"None (Open Label)","OTHER",FALSE,"Monocentric","France","HIC","tuberculosis"
80,"NCT01156623","2015-02-11","2010-06-30",NA,"Interventional","Not Applicable",36,"Completed","Value of EBUS-TBNA for Mediastinal Lymph Nodes in Non-small Cell Lung Cancer in a Tuberculosis-endemic Country","Endobronchial Ultrasound Guided Transbronchial Aspiration (EBUS-TBNA) in Non Small Cell Lung Cancer (NSCLC) in a Tuberculosis-endemic Country","2010-06-01","2013-08-01","2012-10-01",FALSE,"Non-Randomized","None (Open Label)","OTHER",FALSE,"Monocentric","Taiwan","HIC","tuberculosis"
81,"NCT03363178","2017-12-15","2017-11-30",NA,"Interventional","Phase 1",20,"Unknown status","A Single-arm, Open-label, Single-center, Phase 1 Study to Investigate the Safety and Efficacy of GC3107 (BCG Vaccine) After Intradermal Administration in Healthy Adults","Study to Investigate the Safety and Efficacy of GC3107 (BCG Vaccine) in Healthy Adults","2017-12-14","2018-03-31","2018-03-31",FALSE,NA,"None (Open Label)","INDUSTRY",FALSE,"Monocentric","Korea, Republic of","HIC","tuberculosis"
82,"NCT03010111","2017-01-03","2016-12-17",NA,"Interventional","Not Applicable",240,"Unknown status","Latent Tuberculosis Infection in Korean Health Care Workers Using Interferon Gamma Releasing Assay","Latent Tuberculosis Infection in Korean Health Care Workers","2016-12-01","2017-12-01","2017-12-01",FALSE,NA,"None (Open Label)","OTHER",FALSE,"Monocentric","Korea, Republic of","HIC","tuberculosis"
83,"NCT01690403","2015-02-26","2012-09-13",NA,"Interventional","Phase 1",25,"Completed","An Open-label, Non-randomized, Single Sequence, Two Periods, Four-treatment, Three Parallel Groups Pharmacokinetic Interaction Study of Repeated Oral Doses (Daily or Weekly Regimen) of Rifapentine on ATRIPLA™ (Fixed Dose Combination of Efavirenz, Emtricitabine and Tenofovir Disoproxil Fumarate) Given to HIV+ Patients","Interaction Study to Assess the Pharmacokinetic Interaction of Oral Administration of Rifapentine on ATRIPLA™ in HIV Patients","2012-12-01","2014-03-01","2014-03-01",FALSE,"Non-Randomized","None (Open Label)","INDUSTRY",FALSE,"Monocentric","United States","HIC","tuberculosis"
84,"NCT02467608","2022-06-14","2015-05-31",NA,"Interventional","Phase 2/Phase 3",557,"Completed","A Randomized, Double-Blind, Active Drug Controlled Study to Assess the Efficacy of HUEXC030 as Add-on Excipient to Eradicate Anti-Tuberculosis Drugs Induced Liver Injury in Subjects With Pulmonary Tuberculosis","Efficacy of HUEXC030 in Subjects With Pulmonary Tuberculosis","2012-12-06","2019-01-09","2019-01-09",FALSE,"Randomized","Triple","INDUSTRY",TRUE,"Multicentric Local","Taiwan","HIC","tuberculosis"
85,"NCT00866190","2011-11-03","2009-03-19",NA,"Interventional","Phase 1",10,"Completed","A Phase 1B, Randomized, Placebo-Controlled, Double-Blinded, Dose-Escalation Study to Evaluate Safety, Tolerability and Pharmacokinetics of Single-Daily Doses of SQ109 in Normal, Healthy Male and Female Volunteers","Dose Escalation Study of SQ109 in Healthy Adult Volunteers","2009-04-01","2009-11-01","2009-11-01",FALSE,"Randomized","Double","NIH",FALSE,"Monocentric","United States","HIC","tuberculosis"
86,"NCT02365623","2019-10-30","2015-02-13",NA,"Interventional","Phase 2",6,"Completed","An Open-Label Study to Explore the Safety, Efficacy and Pharmacokinetics of TMC207 in Japanese Patients With Pulmonary Multi-Drug Resistant Tuberculosis (MDR-TB)","An Exploratory Study of TMC207 in Japanese Participants With Pulmonary Multi-Drug Resistant Tuberculosis (MDR-TB)","2015-02-18","2018-11-08","2018-11-08",FALSE,NA,"None (Open Label)","INDUSTRY",TRUE,"Multicentric Local","Japan","HIC","tuberculosis"
87,"NCT02393586","2017-04-03","2015-03-06",NA,"Interventional","Phase 1",43,"Completed","Evaluating Pharmacokinetics and Whole Blood Bactericidal Activity Against Mycobacterium Tuberculosis of Single Doses of Faropenem Plus Amoxicillin/Clavulanic Acid in Healthy Volunteers","Whole Blood Bactericidal Activity (WBA) Against Mycobacterium Tuberculosis of Faropenem Plus Amoxicillin/Clavulanic Acid in Healthy Volunteers","2015-02-01","2015-10-01","2015-10-01",FALSE,"Randomized","None (Open Label)","OTHER",FALSE,"Monocentric","Singapore","HIC","tuberculosis"
88,"NCT01798095","2013-02-21","2013-01-31",NA,"Interventional","Phase 2",152,"Unknown status","A Randomized, Double-blind, Equivalence Study of the Specificity of Tuberculin Purified Protein Derivative (PPD) (Aplisol®) in Comparison With a Reference Standard","Equivalence Study of Specificity of PPD","2013-02-01","2013-07-01","2013-05-01",FALSE,"Randomized","Double","INDUSTRY",FALSE,"Monocentric","United States","HIC","tuberculosis"
89,"NCT01730664","2017-08-24","2012-11-09",NA,"Interventional","Phase 2",12,"Completed","Pharmacokinetics and Pharmacodynamics of Ertapenem in Patients With Tuberculosis","PK/PD of Ertapenem In Patients With TB","2017-01-26","2017-07-13","2017-07-13",FALSE,NA,"None (Open Label)","OTHER",FALSE,"Monocentric","Netherlands","HIC","tuberculosis"
90,"NCT00992069","2021-10-28","2009-10-01",NA,"Interventional","Phase 1",37,"Completed","A Phase I, Safety, Tolerability, and Pharmacokinetic Interaction Study of Single-Dose TMC207 and Efavirenz in Healthy Volunteers","Safety, Tolerability, and Effect of TMC207 and Efavirenz in Healthy Volunteers","2009-12-01","2010-12-01","2010-12-01",FALSE,NA,"None (Open Label)","NIH",TRUE,"Multicentric Local","United States","HIC","tuberculosis"
91,"NCT01960257","2021-05-10","2013-10-08","2020-05-12","Interventional","Phase 4",92,"Completed","A Pilot Clinical Trial Characterizing Use of Ingestion Sensor Enabled Rifamate in Comparison to Directly Observed Therapy for the Treatment of Tuberculosis","Wirelessly Observed Therapy in Comparison to Directly Observed Therapy for the Treatment of Tuberculosis","2013-10-25","2017-01-31","2017-01-31",TRUE,"Randomized","None (Open Label)","OTHER",TRUE,"Multicentric Local","United States","HIC","tuberculosis"
92,"NCT02076139","2018-10-30","2014-02-20",NA,"Interventional","Not Applicable",47,"Completed","Pilot Clinical Trial, Double-blind, Randomized, Placebo Controlled and Masked to Evaluate the Tolerability and Immunogenicity of Nyaditum Resae® Probiotic Administered to Adults With or Without Latent Tuberculosis Infection","Safety and Immunogenicity of Nyaditum Resae® Probiotic to Protect From Tuberculosis","2014-03-01","2015-07-01","2014-06-01",FALSE,"Randomized","Triple","INDUSTRY",FALSE,"Monocentric","Spain","HIC","tuberculosis"
93,"NCT01214993","2012-06-07","2010-10-01",NA,"Interventional","Phase 1",38,"Completed","A Phase 1, Open Label, Placebo-Controlled Study to Evaluate the Effect of GSK1349572 on Iohexol and Para-Aminohippurate Clearance in Healthy Subjects","A Phase 1, Open Label, Placebo-Controlled Study to Evaluate the Effect of GSK1349572 on Iohexol and Para-Aminohippurate Clearance in Healthy Subjects","2010-10-01","2010-11-01","2010-11-01",FALSE,"Randomized","None (Open Label)","INDUSTRY",FALSE,"Monocentric","United States","HIC","tuberculosis"
94,"NCT00793702","2013-01-18","2008-11-17",NA,"Interventional","Phase 1",42,"Completed","An Open Phase I Clinical Trial on the Safety and Risk of Sensitisation by Escalating Doses and Repeated Injections of the rdESAT-6 + rCFP-10 Skin Test Reagent Following Intradermal Administration to Healthy Adults","Safety and Risk of Sensitisation of the rdESAT-6 + rCFP-10 Skin Test Following Repeated Intradermal Administration","2008-11-01","2009-07-01","2009-07-01",FALSE,"Non-Randomized","None (Open Label)","OTHER",FALSE,"Monocentric","Denmark","HIC","tuberculosis"
95,"NCT01497769","2013-07-01","2011-12-20",NA,"Interventional","Phase 1",24,"Completed","A Phase I Trial to Compare the Safety and Immunogenicity of Candidate TB Vaccine MVA85A Administered by the Aerosol Inhaled Route and the Intradermal Route in Healthy BCG-vaccinated Adult Subjects","Safety of Tuberculosis Vaccine, MVA85A, Administered by the Aerosol Route and the Intradermal Route","2011-09-01","2013-04-01","2012-10-01",FALSE,"Randomized","Single","OTHER",FALSE,"Monocentric","United Kingdom","HIC","tuberculosis"
96,"NCT01832987","2014-09-15","2013-04-11",NA,"Interventional","Phase 2",12,"Completed","Pharmacokinetic Parameters of 960 mg Co-trimoxazole Once Daily in Patients With Tuberculosis","Pharmacokinetic Parameters of Co-trimoxazole","2013-10-01","2014-08-01","2014-08-01",FALSE,NA,"None (Open Label)","OTHER",FALSE,"Monocentric","Netherlands","HIC","tuberculosis"
97,"NCT01436929","2012-12-13","2011-09-16",NA,"Interventional","Not Applicable",600,"Unknown status","Effect of Prophylactic Use of Silymarin on Hepatotoxicity Induced by Anti-tuberculosis Drugs","Effect of Prophylactic Use of Silymarin on Hepatotoxicity Induced by Anti-tuberculosis Drugs","2011-09-01","2013-12-01","2013-10-01",FALSE,"Randomized","Quadruple","OTHER",FALSE,"Monocentric","Korea, Republic of","HIC","tuberculosis"
98,"NCT02602509","2017-04-12","2015-11-06",NA,"Interventional","Phase 1",18,"Completed","Evaluating Celecoxib Activity in Mycobacterium Tuberculosis: A Whole Blood Bactericidal Activity Study in Healthy Volunteers","Evaluating Celecoxib Activity in Mycobacterium Tuberculosis: A Whole Blood Bactericidal Activity Study in Healthy Volunteers","2015-11-01","2016-02-01","2016-02-01",FALSE,"Randomized","None (Open Label)","OTHER",FALSE,"Monocentric","Singapore","HIC","tuberculosis"
99,"NCT02088892","2015-01-21","2014-03-10",NA,"Interventional","Not Applicable",52,"Completed","A Clinical Challenge Study to Quantify BCG at the Challenge Site of Healthy Volunteers Receiving Either Intradermal BCG SSI or BCG TICE at Standard or High Dose","A Clinical Challenge Study of BCG in Healthy Volunteers","2014-03-01","2015-01-01","2015-01-01",FALSE,"Non-Randomized","None (Open Label)","OTHER",TRUE,"Multicentric Local","United Kingdom","HIC","tuberculosis"
100,"NCT01868464","2020-01-23","2013-05-30",NA,"Interventional","Phase 1",92,"Completed","Phase I Open-Label Dose Escalation Trial for the Development of a Human BCG Challenge Model for Assessment of TB Immunity","Challenge Model for Assessment of Human TB Immunity","2014-05-28","2017-12-18","2017-12-18",FALSE,"Non-Randomized","None (Open Label)","NIH",TRUE,"Multicentric Local","United States","HIC","tuberculosis"
